,gene_numb,rxn_numb,aerobic_growth,aerobic_rxns,anaerobic_growth,anaerobic_rxns
AAA_6.re.xml,1087,4103,0.0,39,0.0,0
AAB_6.re.xml,1091,4105,0.0,64,0.0,0
AAC_6.re.xml,1077,4083,0.0,29,0.0,0
AAD_6.re.xml,1084,4100,0.0,30,0.0,0
AAE_6.re.xml,1091,4106,0.0,48,0.0,0
AAG_6.re.xml,1091,4111,0.0,41,0.0,0
AAH_6.re.xml,1092,4111,0.0,55,0.0,0
AAI_6.re.xml,1092,4110,0.0,29,0.0,0
AAK_6.re.xml,1085,4101,0.0,29,0.0,0
AAL_3.re.xml,1081,4098,0.0,57,0.0,0
AAM_3.re.xml,1088,4103,0.0,49,0.0,0
AAN_3.re.xml,1076,4093,0.0,81,0.0,0
AAP_3.re.xml,1085,4105,0.0,49,0.0,0
AAQ_3.re.xml,1087,4110,0.0,57,0.0,0
AAR_3.re.xml,1088,4112,0.0,31,0.0,0
AAS_3.re.xml,1086,4106,0.0,55,0.0,0
AAT_3.re.xml,1090,4117,0.0,46,0.0,0
AAV_3.re.xml,1089,4109,0.0,36,0.0,0
ABA_3.re.xml,1088,4108,0.0,53,0.0,0
ABB_5.re.xml,1089,4108,0.0,42,0.0,0
ABC_5.re.xml,1087,4103,0.0,30,0.0,0
ABD_5.re.xml,1089,4103,0.0,42,0.0,0
ABE_5.re.xml,1085,4103,0.0,30,0.0,0
ABF_6.re.xml,1084,4099,0.0,33,0.0,0
ABG_5.re.xml,1091,4106,0.0,20,0.0,0
ABH_5.re.xml,1089,4103,0.0,30,0.0,0
ABI_5.re.xml,1093,4123,0.0,51,0.0,0
ABK_5.re.xml,1088,4107,0.0,30,0.0,0
ABL_5.re.xml,1087,4112,0.0,22,0.0,0
ABM_5.re.xml,1087,4112,0.0,32,0.0,0
ABP_6.re.xml,1092,4111,0.0,30,0.0,0
ABQ_6.re.xml,1091,4112,0.0,44,0.0,0
ABR_6.re.xml,1091,4112,0.0,44,0.0,0
ABS_6.re.xml,1091,4108,0.0,65,0.0,0
ABT_6.re.xml,1092,4111,0.0,32,0.0,0
ACA_6.re.xml,1090,4109,0.0,40,0.0,64
ACB_6.re.xml,1090,4109,0.0,40,0.0,64
ACC_7.re.xml,1090,4118,0.0,48,0.0,0
ACD_7.re.xml,1091,4108,0.0,35,0.0,0
ACF_7.re.xml,1092,4111,0.0,31,0.0,0
ACG_7.re.xml,1084,4100,0.0,37,0.0,0
ACH_7.re.xml,1086,4102,0.0,31,0.0,0
ACI_7.re.xml,1089,4105,0.0,65,0.0,0
ACK_7.re.xml,1089,4108,0.0,42,0.0,0
ACL_7.re.xml,1092,4109,0.0,54,0.0,0
ACM_7.re.xml,1090,4108,0.0,20,0.0,0
ACN_8.re.xml,1087,4101,0.0,47,0.0,0
ACP_8.re.xml,1094,4113,0.0,47,0.0,0
ACQ_8.re.xml,1091,4108,0.0,31,0.0,0
ACR_2.re.xml,1094,4123,0.0,36,0.0,0
ACS_2.re.xml,1093,4108,0.0,37,0.0,0
ACT_2.re.xml,1093,4121,0.0,34,0.0,0
ACV_2.re.xml,1093,4121,0.0,34,0.0,0
ADA_2.re.xml,1084,4098,0.0,43,0.0,0
ADB_2.re.xml,1093,4112,0.0,46,0.0,0
ADC_2.re.xml,1090,4108,0.0,44,0.0,0
ADD_2.re.xml,1090,4100,0.0,34,0.0,0
ADE_2.re.xml,1091,4108,0.0,46,0.0,0
ADF_4.re.xml,1086,4095,0.0,38,0.0,0
ADG_4.re.xml,1087,4101,0.0,20,0.0,0
ADH_4.re.xml,1088,4107,0.0,55,0.0,0
ADI_4.re.xml,1087,4098,0.0,34,0.0,0
ADK_8.re.xml,1081,4100,0.0,32,0.0,0
ADL_4.re.xml,1076,4098,0.0,53,0.0,0
ADM_2.re.xml,1078,4095,0.0,43,0.0,0
ADN_4.re.xml,1086,4100,0.0,54,0.0,0
ADP_3.re.xml,1089,4109,0.0,49,0.0,0
ADQ_4.re.xml,1088,4104,0.0,53,0.0,0
ADR_4.re.xml,1090,4109,0.0,49,0.0,0
ADS_4.re.xml,1092,4110,0.0,57,0.0,0
ADT_4.re.xml,1096,4113,0.0,42,0.0,0
ADV_4.re.xml,1087,4105,0.0,59,0.0,0
AEA_8.re.xml,1090,4112,0.0,31,0.0,0
AEB_8.re.xml,1079,4084,0.0,31,0.0,0
AEE_3.re.xml,1076,4088,0.0,36,0.0,0
AEF_8.re.xml,1085,4101,0.0,65,0.0,0
AEG_8.re.xml,1083,4108,0.0,31,0.0,0
AEH_3.re.xml,1094,4111,0.0,32,0.0,0
AEI_3.re.xml,1084,4106,0.0,43,0.0,0
AEK_3.re.xml,1083,4104,0.0,51,0.0,0
AEL_3.re.xml,1082,4090,0.0,34,0.0,0
AEM_3.re.xml,1089,4108,0.0,33,0.0,0
AEN_3.re.xml,1086,4104,0.0,58,0.0,0
AEP_3.re.xml,1087,4115,0.0,55,0.0,0
AEQ_3.re.xml,1089,4109,0.0,35,0.0,0
AER_4.re.xml,1086,4101,0.0,35,0.0,0
AES_4.re.xml,1083,4104,0.0,51,0.0,0
AET_5.re.xml,1087,4104,0.0,51,0.0,0
AEV_5.re.xml,1075,4084,0.0,82,0.0,0
AFA_4.re.xml,1088,4106,0.0,55,0.0,0
AFB_4.re.xml,1089,4110,0.0,39,0.0,0
AFC_4.re.xml,1083,4100,0.0,34,0.0,0
AFD_4.re.xml,1089,4106,0.0,41,0.0,0
AFF_4.re.xml,1091,4111,0.0,35,0.0,0
AFG_4.re.xml,1086,4107,0.0,63,0.0,0
AFH_4.re.xml,1088,4119,0.0,46,0.0,0
AFI_5.re.xml,1084,4108,0.0,47,0.0,0
AFK_5.re.xml,1091,4106,0.0,46,0.0,0
AFL_5.re.xml,1087,4099,0.0,35,0.0,0
AFM_5.re.xml,1083,4098,0.0,40,0.0,0
AFN_4.re.xml,1086,4103,0.0,32,0.0,0
AFP_1.re.xml,1085,4110,0.0,66,0.0,0
AFQ_1.re.xml,1087,4101,0.0,42,0.0,0
AFR_5.re.xml,1087,4108,0.0,21,0.0,0
AFS_5.re.xml,1079,4098,0.0,44,0.0,0
AFT_5.re.xml,1089,4106,0.0,32,0.0,0
AFV_1.re.xml,1091,4106,0.0,48,0.0,0
AGA_5.re.xml,1092,4108,0.0,37,0.0,0
AGB_1.re.xml,1076,4094,0.0,31,0.0,0
AGC_1.re.xml,1089,4114,0.0,48,0.0,0
AGE_1.re.xml,1084,4106,0.0,19,0.0,0
AGF_1.re.xml,1092,4106,0.0,51,0.0,0
AGG_1.re.xml,1087,4116,0.0,35,0.0,0
AGH_1.re.xml,1090,4103,0.0,30,0.0,0
AGI_1.re.xml,1091,4107,0.0,60,0.0,0
AGK_1.re.xml,1087,4105,0.0,33,0.0,0
AGL_2.re.xml,1087,4102,0.0,52,0.0,0
AGM_1.re.xml,1087,4116,0.0,32,0.0,0
AGN_2.re.xml,1093,4106,0.0,52,0.0,0
AGP_2.re.xml,1092,4109,0.0,49,0.0,0
AGR_2.re.xml,1092,4109,0.0,40,0.0,0
AGS_2.re.xml,1093,4109,0.0,47,0.0,0
AGT_2.re.xml,1086,4103,0.0,30,0.0,0
AGV_2.re.xml,1091,4107,0.0,64,0.0,0
AHA_2.re.xml,1091,4109,0.0,53,0.0,0
AHB_2.re.xml,1088,4105,0.0,30,0.0,0
AHC_2.re.xml,1088,4108,0.0,58,0.0,0
AHD_1.re.xml,1096,4113,0.0,52,0.0,0
AHE_3.re.xml,1091,4109,0.0,53,0.0,0
AHF_3.re.xml,1092,4109,0.0,32,0.0,0
AHG_3.re.xml,1093,4103,0.0,21,0.0,0
AHH_3.re.xml,1092,4106,0.0,58,0.0,0
AHI_3.re.xml,1091,4108,0.0,40,0.0,0
AHK_3.re.xml,1085,4105,0.0,34,0.0,0
AHL_3.re.xml,1088,4114,0.0,51,0.0,0
AHM_1.re.xml,1086,4112,0.0,32,0.0,0
AHN_3.re.xml,1090,4111,0.0,34,0.0,0
AHP_1.re.xml,1084,4101,0.0,30,0.0,0
AHQ_1.re.xml,1088,4101,0.0,40,0.0,0
AHR_1.re.xml,1095,4111,0.0,45,0.0,0
AHS_3.re.xml,1086,4107,0.0,31,0.0,0
AHT_3.re.xml,1092,4110,0.0,57,0.0,0
AHV_1.re.xml,1089,4106,0.0,47,0.0,0
AIA_1.re.xml,1089,4105,0.0,34,0.0,0
AIB_1.re.xml,1090,4106,0.0,48,0.0,0
AIC_1.re.xml,1089,4105,0.0,71,0.0,0
AID_2.re.xml,1089,4116,0.0,83,0.0,0
AIE_1.re.xml,1092,4117,0.0,41,0.0,0
AIF_1.re.xml,1091,4105,0.0,30,0.0,0
AIG_2.re.xml,1087,4101,0.0,20,0.0,0
AII_1.re.xml,1090,4108,0.0,48,0.0,0
AIK_2.re.xml,1089,4110,0.0,34,0.0,0
AIL_3.re.xml,1092,4106,0.0,31,0.0,0
AIM_2.re.xml,1087,4108,0.0,45,0.0,0
AIN_1.re.xml,1089,4107,0.0,60,0.0,0
AIP_2.re.xml,1084,4097,0.0,77,0.0,0
AIQ_1.re.xml,1093,4113,0.0,38,0.0,0
AIR_1.re.xml,1091,4112,0.0,119,0.0,0
AIT_2.re.xml,1091,4110,0.0,21,0.0,0
AKB_2.re.xml,1085,4097,0.0,53,0.0,0
AKC_4.re.xml,1084,4094,0.0,72,0.0,0
AKD_2.re.xml,1090,4102,0.0,57,0.0,0
AKE_3.re.xml,1087,4099,0.0,32,0.0,0
AKG_3.re.xml,1084,4101,0.0,46,0.0,0
AKH_3.re.xml,1088,4101,0.0,74,0.0,0
AKI_4.re.xml,1082,4099,0.0,29,0.0,0
AKL_3.re.xml,1091,4110,0.0,31,0.0,0
AKM_4.re.xml,1090,4115,0.0,50,0.0,0
AKN_3.re.xml,1091,4108,0.0,35,0.0,0
AKP_3.re.xml,1091,4117,0.0,56,0.0,0
AKQ_5.re.xml,1087,4104,0.0,30,0.0,0
AKR_3.re.xml,1089,4114,0.0,34,0.0,0
AKS_5.re.xml,1091,4117,0.0,33,0.0,0
AKT_4.re.xml,1078,4101,0.0,55,0.0,0
AKV_3.re.xml,1092,4121,0.0,34,0.0,0
ALA_5.re.xml,1089,4114,0.0,34,0.0,0
ALB_3.re.xml,1090,4114,0.0,34,0.0,0
ALC_4.re.xml,1091,4114,0.0,34,0.0,0
ALD_4.re.xml,1075,4094,0.0,21,0.0,0
ALE_4.re.xml,1092,4117,0.0,56,0.0,0
ALG_5.re.xml,1087,4106,0.0,43,0.0,0
ALH_4.re.xml,1089,4114,0.0,34,0.0,0
ALI_5.re.xml,1081,4101,0.0,53,0.0,0
ALK_4.re.xml,1086,4113,0.0,37,0.0,0
ALL_4.re.xml,1091,4107,0.0,22,0.0,0
ALM_4.re.xml,1095,4112,0.0,51,0.0,0
ALN_4.re.xml,1076,4095,0.0,52,0.0,0
ALP_4.re.xml,1080,4098,0.0,32,0.0,0
ALQ_4.re.xml,1092,4112,0.0,37,0.0,0
ALR_4.re.xml,1075,4081,0.0,47,0.0,0
ALS_5.re.xml,1093,4110,0.0,53,0.0,0
ALT_5.re.xml,1095,4114,0.0,46,0.0,0
AMA_5.re.xml,1093,4115,0.0,77,0.0,0
AMB_5.re.xml,1091,4105,0.0,31,0.0,0
AMC_5.re.xml,1088,4104,0.0,41,0.0,0
AMD_5.re.xml,1092,4109,0.0,35,0.0,0
AMF_4.re.xml,1091,4111,0.0,35,0.0,0
AMG_4.re.xml,1070,4071,0.0,73,0.0,0
AMH_5.re.xml,1086,4101,0.0,47,0.0,0
AMI_4.re.xml,1072,4074,0.0,37,0.0,0
AMK_4.re.xml,1073,4097,0.0,55,0.0,0
AML_4.re.xml,1081,4097,0.0,51,0.0,0
AMM_4.re.xml,1087,4106,0.0,33,0.0,0
AMP_5.re.xml,1087,4106,0.0,40,0.0,0
AMQ_5.re.xml,1076,4081,0.0,56,0.0,0
AMR_4.re.xml,1092,4111,0.0,32,0.0,0
AMS_5.re.xml,1092,4106,0.0,31,0.0,0
AMT_5.re.xml,1089,4103,0.0,21,0.0,0
ANA_5.re.xml,1086,4106,0.0,51,0.0,0
ANC_4.re.xml,1091,4108,0.0,35,0.0,0
AND_4.re.xml,1091,4108,0.0,35,0.0,0
ANE_4.re.xml,1090,4106,0.0,57,0.0,0
ANF_4.re.xml,1092,4108,0.0,35,0.0,0
ANG_4.re.xml,1091,4108,0.0,35,0.0,0
ANH_4.re.xml,1092,4112,0.0,56,0.0,0
ANI_4.re.xml,1091,4108,0.0,35,0.0,0
ANK_4.re.xml,1091,4108,0.0,35,0.0,0
ANL_2.re.xml,1062,4081,0.0,32,0.0,0
ANM_2.re.xml,1065,4080,0.0,55,0.0,0
ANN_4.re.xml,1087,4097,0.0,31,0.0,29
ANP_2.re.xml,1084,4106,0.0,29,0.0,0
ANQ_2.re.xml,1089,4105,0.0,32,0.0,0
ANR_2.re.xml,1087,4100,0.0,37,0.0,0
ANS_2.re.xml,1086,4099,0.0,54,0.0,0
ANT_2.re.xml,1088,4105,0.0,57,0.0,0
ANV_5.re.xml,1088,4104,0.0,30,0.0,0
APA_2.re.xml,1086,4103,0.0,37,0.0,0
APC_4.re.xml,1084,4103,0.0,72,0.0,0
APD_4.re.xml,1089,4106,0.0,56,0.0,0
APE_4.re.xml,1087,4101,0.0,33,0.0,0
APF_4.re.xml,1088,4101,0.0,33,0.0,0
APG_4.re.xml,1083,4107,0.0,42,0.0,0
APH_4.re.xml,1085,4105,0.0,31,0.0,0
API_4.re.xml,1081,4101,0.0,70,0.0,0
APK_4.re.xml,1071,4076,0.0,53,0.0,0
APL_4.re.xml,1081,4101,0.0,33,0.0,0
APM_4.re.xml,1084,4103,0.0,55,0.0,0
APN_4.re.xml,1076,4083,0.0,42,0.0,0
APP_4.re.xml,1090,4113,0.0,19,0.0,0
APQ_4.re.xml,1086,4097,0.0,52,0.0,0
APR_4.re.xml,1088,4100,0.0,40,0.0,0
APS_4.re.xml,1094,4111,0.0,58,0.0,0
APT_7.re.xml,1085,4099,0.0,49,0.0,0
APV_4.re.xml,1088,4099,0.0,49,0.0,0
AQA_4.re.xml,1082,4100,0.0,45,0.0,0
AQB_7.re.xml,1083,4100,0.0,50,0.0,0
AQC_4.re.xml,1087,4103,0.0,45,0.0,0
AQD_4.re.xml,1081,4099,0.0,49,0.0,0
AQE_5.re.xml,1084,4103,0.0,36,0.0,0
AQG_4.re.xml,1086,4106,0.0,43,0.0,0
AQH_2.re.xml,1075,4101,0.0,57,0.0,0
AQI_4.re.xml,1078,4091,0.0,58,0.0,0
AQM_4.re.xml,1080,4093,0.0,33,0.0,0
AQN_7.re.xml,1084,4098,0.0,51,0.0,0
AQP_4.re.xml,1086,4099,0.0,35,0.0,0
AQQ_4.re.xml,1096,4114,0.0,44,0.0,0
AQR_4.re.xml,1091,4105,0.0,30,0.0,0
AQS_4.re.xml,1089,4107,0.0,54,0.0,0
AQT_4.re.xml,1080,4109,0.0,43,0.0,0
ARA_4.re.xml,1074,4086,0.0,30,0.0,0
ARB_2.re.xml,1081,4090,0.0,22,0.0,0
ARC_5.re.xml,1091,4109,0.0,22,0.0,0
ARE_5.re.xml,1087,4101,0.0,62,0.0,0
ARG_5.re.xml,1089,4105,0.0,51,0.0,0
ARH_5.re.xml,1089,4109,0.0,55,0.0,0
ARI_5.re.xml,1090,4107,0.0,28,0.0,0
ARK_5.re.xml,1090,4105,0.0,67,0.0,0
ARL_2.re.xml,1086,4100,0.0,31,0.0,0
ARM_6.re.xml,1084,4098,0.0,40,0.0,0
ARN_6.re.xml,1080,4094,0.0,52,0.0,0
ARP_2.re.xml,1087,4102,0.0,37,0.0,0
ARQ_6.re.xml,1089,4106,0.0,76,0.0,0
ARR_6.re.xml,1072,4082,0.0,29,0.0,0
ARS_1.re.xml,1074,4096,0.0,41,0.0,0
ART_6.re.xml,1090,4111,0.0,35,0.0,0
ARV_6.re.xml,1092,4111,0.0,31,0.0,0
ASA_6.re.xml,1085,4100,0.0,29,0.0,0
ASB_2.re.xml,1081,4096,0.0,48,0.0,0
ASC_6.re.xml,1077,4081,0.0,59,0.0,0
ASD_2.re.xml,1095,4113,0.0,47,0.0,0
ASE_2.re.xml,1094,4113,0.0,47,0.0,0
ASG_3.re.xml,1088,4103,0.0,21,0.0,0
ASH_3.re.xml,1079,4082,0.0,35,0.0,0
ASL_8.re.xml,1083,4101,0.0,70,0.0,0
ASM_8.re.xml,1078,4091,0.0,57,0.0,0
ASN_8.re.xml,1070,4088,0.0,43,0.0,0
ASP_8.re.xml,1081,4090,0.0,30,0.0,0
ASR_1.re.xml,1084,4099,0.0,42,0.0,0
ASS_1.re.xml,1093,4108,0.0,48,0.0,0
AST_1.re.xml,1086,4102,0.0,33,0.0,0
ASV_1.re.xml,1085,4114,0.0,32,0.0,0
ATA_8.re.xml,1088,4104,0.0,30,0.0,0
ATC_1.re.xml,1085,4101,0.0,53,0.0,0
ATD_1.re.xml,1089,4113,0.0,32,0.0,0
ATE_1.re.xml,1084,4100,0.0,30,0.0,0
ATH_3.re.xml,1093,4110,0.0,33,0.0,0
ATM_4.re.xml,1091,4108,0.0,40,0.0,0
ATN_4.re.xml,1094,4114,0.0,37,0.0,0
ATP_4.re.xml,1087,4098,0.0,35,0.0,0
ATQ_7.re.xml,1085,4113,0.0,33,0.0,0
ATR_4.re.xml,1084,4093,0.0,29,0.0,0
ATS_3.re.xml,1082,4102,0.0,36,0.0,0
AVB_8.re.xml,1087,4113,0.0,49,0.0,0
AVC_3.re.xml,1088,4102,0.0,22,0.0,0
AVD_3.re.xml,1088,4105,0.0,42,0.0,0
AVH_5.re.xml,1090,4109,0.0,48,0.0,0
AVI_5.re.xml,1092,4108,0.0,35,0.0,0
AVK_6.re.xml,1089,4105,0.0,19,0.0,0
AVL_6.re.xml,1087,4101,0.0,33,0.0,0
AVM_5.re.xml,1088,4101,0.0,33,0.0,0
AVN_5.re.xml,1063,3996,0.0,30,0.0,0
AVV_8.re.xml,1080,4095,0.0,41,0.0,0
BAA_6.re.xml,1084,4100,0.0,21,0.0,0
BAB_8.re.xml,1080,4095,0.0,41,0.0,0
BAC_8.re.xml,1081,4098,0.0,37,0.0,0
BAD_8.re.xml,1082,4096,0.0,30,0.0,0
BAE_6.re.xml,1084,4099,0.0,30,0.0,0
BAF_6.re.xml,1084,4096,0.0,46,0.0,0
BAG_6.re.xml,1091,4111,0.0,47,0.0,0
BAH_6.re.xml,1092,4113,0.0,33,0.0,0
BAI_7.re.xml,1091,4108,0.0,31,0.0,0
BAK_7.re.xml,1088,4106,0.0,42,0.0,0
BAL_7.re.xml,1093,4110,0.0,29,0.0,0
BAM_7.re.xml,1092,4123,0.0,36,0.0,0
BAN_7.re.xml,1089,4110,0.0,77,0.0,0
BAP_7.re.xml,1089,4112,0.0,51,0.0,0
BAQ_7.re.xml,1095,4125,0.0,21,0.0,0
BAR_7.re.xml,1090,4107,0.0,22,0.0,0
BAS_8.re.xml,1090,4107,0.0,22,0.0,0
BAT_8.re.xml,1087,4106,0.0,70,0.0,0
BAV_7.re.xml,1090,4107,0.0,30,0.0,29
BBA_8.re.xml,1093,4111,0.0,30,0.0,0
BBB_6.re.xml,1090,4106,0.0,76,0.0,0
BBD_8.re.xml,1082,4105,0.0,39,0.0,0
BBE_6.re.xml,1081,4104,0.0,53,0.0,0
BBF_6.re.xml,1086,4101,0.0,37,0.0,0
BBG_6.re.xml,1081,4089,0.0,33,0.0,0
BBH_6.re.xml,1093,4112,0.0,37,0.0,0
BBI_6.re.xml,1091,4104,0.0,30,0.0,0
BBK_6.re.xml,1095,4114,0.0,46,0.0,0
BBL_6.re.xml,1090,4106,0.0,42,0.0,0
BBM_6.re.xml,1085,4098,0.0,38,0.0,0
BBP_3.re.xml,1081,4099,0.0,40,0.0,0
BBQ_3.re.xml,1091,4106,0.0,42,0.0,0
BBR_3.re.xml,1093,4120,0.0,30,0.0,0
BBS_3.re.xml,1088,4105,0.0,42,0.0,0
BBT_3.re.xml,1083,4109,0.0,55,0.0,0
BBV_3.re.xml,1090,4110,0.0,34,0.0,0
BCA_3.re.xml,1089,4103,0.0,21,0.0,0
BCB_3.re.xml,1080,4094,0.0,75,0.0,0
BCC_3.re.xml,1086,4099,0.0,31,0.0,0
BCD_8.re.xml,1084,4106,0.0,48,0.0,0
BCE_8.re.xml,1084,4100,0.0,31,0.0,0
BCF_8.re.xml,1082,4095,0.0,30,0.0,0
BCG_8.re.xml,1083,4097,0.0,34,0.0,0
BCH_5.re.xml,1085,4097,0.0,37,0.0,0
BCI_8.re.xml,1080,4086,0.0,45,0.0,0
BCK_8.re.xml,1086,4100,0.0,29,0.0,0
BCL_5.re.xml,1083,4098,0.0,33,0.0,0
BCM_8.re.xml,1088,4099,0.0,29,0.0,0
BCN_8.re.xml,1086,4100,0.0,21,0.0,0
BCP_8.re.xml,1084,4097,0.0,29,0.0,0
BCQ_8.re.xml,1084,4100,0.0,19,0.0,0
BCS_8.re.xml,1083,4101,0.0,42,0.0,0
BCT_8.re.xml,1082,4102,0.0,30,0.0,0
BCV_8.re.xml,1084,4101,0.0,57,0.0,0
BDA_8.re.xml,1083,4101,0.0,58,0.0,0
BDB_8.re.xml,1086,4098,0.0,46,0.0,65
BDC_8.re.xml,1085,4087,0.0,33,0.0,0
BDD_8.re.xml,1087,4102,0.0,97,0.0,0
BDE_8.re.xml,1084,4102,0.0,42,0.0,0
BDF_8.re.xml,1088,4091,0.0,41,0.0,0
BDG_5.re.xml,1085,4100,0.0,52,0.0,0
BDH_5.re.xml,1084,4098,0.0,45,0.0,0
BDI_5.re.xml,1087,4099,0.0,46,0.0,0
BDK_5.re.xml,1089,4112,0.0,34,0.0,0
BDL_5.re.xml,1080,4092,0.0,41,0.0,0
BDM_5.re.xml,1090,4106,0.0,42,0.0,0
BDN_5.re.xml,1078,4103,0.0,43,0.0,0
BDP_5.re.xml,1082,4096,0.0,32,0.0,0
BDQ_6.re.xml,1080,4095,0.0,101,0.0,0
BDR_6.re.xml,1081,4096,0.0,34,0.0,0
BDS_6.re.xml,1080,4094,0.0,22,0.0,0
BDT_6.re.xml,1085,4098,0.0,32,0.0,0
BDV_6.re.xml,1082,4099,0.0,22,0.0,0
BEA_6.re.xml,1084,4101,0.0,21,0.0,0
BEB_6.re.xml,1083,4096,0.0,36,0.0,0
BEC_6.re.xml,1082,4097,0.0,39,0.0,0
BED_6.re.xml,1085,4103,0.0,32,0.0,0
BEE_6.re.xml,1083,4096,0.0,106,0.0,0
BEF_7.re.xml,1084,4103,0.0,47,0.0,0
BEG_7.re.xml,1089,4111,0.0,42,0.0,0
BEH_7.re.xml,1088,4106,0.0,22,0.0,0
BEI_7.re.xml,1081,4097,0.0,46,0.0,0
BEK_7.re.xml,1076,4094,0.0,39,0.0,0
BEM_7.re.xml,1075,4092,0.0,51,0.0,0
BEN_7.re.xml,1081,4099,0.0,37,0.0,0
BEP_4.re.xml,1091,4109,0.0,49,0.0,0
BEQ_4.re.xml,1092,4111,0.0,30,0.0,0
BER_2.re.xml,1086,4107,0.0,40,0.0,0
BES_2.re.xml,1090,4109,0.0,51,0.0,0
BET_1.re.xml,1088,4115,0.0,38,0.0,0
BEV_3.re.xml,1088,4115,0.0,38,0.0,0
BFA_3.re.xml,1086,4105,0.0,42,0.0,0
BFB_4.re.xml,1091,4109,0.0,48,0.0,0
BFC_3.re.xml,1088,4105,0.0,42,0.0,0
BFD_1.re.xml,1087,4105,0.0,32,0.0,0
BFH_3.re.xml,1075,4090,0.0,77,0.0,0
BFK_2.re.xml,1089,4108,0.0,44,0.0,0
BFL_4.re.xml,1088,4106,0.0,42,0.0,0
BFN_4.re.xml,1076,4087,0.0,34,0.0,0
BFP_3.re.xml,1089,4106,0.0,38,0.0,0
BFQ_8.re.xml,1089,4111,0.0,48,0.0,0
BFR_8.re.xml,1088,4107,0.0,43,0.0,0
BFS_8.re.xml,1073,4085,0.0,26,0.0,0
BFT_8.re.xml,1074,4094,0.0,41,0.0,0
BFV_8.re.xml,1077,4093,0.0,35,0.0,0
BGA_7.re.xml,1076,4090,0.0,51,0.0,0
BGB_7.re.xml,1075,4090,0.0,34,0.0,0
BGC_8.re.xml,1072,4091,0.0,44,0.0,0
BGD_8.re.xml,1073,4086,0.0,28,0.0,0
BGE_8.re.xml,1070,4092,0.0,48,0.0,0
BGF_8.re.xml,1076,4096,0.0,37,0.0,0
BGG_8.re.xml,1074,4092,0.0,50,0.0,0
BGH_1.re.xml,1078,4094,0.0,44,0.0,0
BGI_1.re.xml,1074,4092,0.0,20,0.0,0
BGK_1.re.xml,1076,4092,0.0,27,0.0,0
BGL_1.re.xml,1075,4092,0.0,57,0.0,0
BGM_1.re.xml,1078,4102,0.0,30,0.0,0
BGN_1.re.xml,1074,4091,0.0,65,0.0,0
BGP_1.re.xml,1088,4105,0.0,41,0.0,0
BGQ_1.re.xml,1070,4086,0.0,77,0.0,0
BGR_1.re.xml,1075,4094,0.0,25,0.0,0
BGS_1.re.xml,1073,4092,0.0,71,0.0,0
BGT_2.re.xml,1078,4092,0.0,54,0.0,0
BGV_2.re.xml,1078,4091,0.0,33,0.0,0
BHA_2.re.xml,1081,4097,0.0,46,0.0,0
BHB_2.re.xml,1084,4105,0.0,67,0.0,0
BHC_2.re.xml,1091,4112,0.0,73,0.0,0
BHD_2.re.xml,1086,4104,0.0,35,0.0,0
BHE_2.re.xml,1088,4107,0.0,48,0.0,0
BHF_2.re.xml,1091,4110,0.0,31,0.0,0
BHG_2.re.xml,1090,4106,0.0,57,0.0,0
BHH_2.re.xml,1086,4103,0.0,52,0.0,0
BHI_4.re.xml,1088,4106,0.0,51,0.0,0
BHK_4.re.xml,1088,4105,0.0,41,0.0,0
BHL_4.re.xml,1092,4106,0.0,53,0.0,0
BHM_4.re.xml,1092,4107,0.0,33,0.0,0
BHN_4.re.xml,1090,4107,0.0,33,0.0,0
BHP_4.re.xml,1086,4101,0.0,90,0.0,0
BHQ_4.re.xml,1086,4100,0.0,32,0.0,0
BHR_4.re.xml,1085,4099,0.0,36,0.0,0
BHS_1.re.xml,1085,4098,0.0,34,0.0,0
BHT_1.re.xml,1094,4106,0.0,34,0.0,0
BHV_1.re.xml,1091,4107,0.0,60,0.0,0
BIA_1.re.xml,1090,4108,0.0,36,0.0,0
BIB_1.re.xml,1088,4106,0.0,35,0.0,0
BIC_1.re.xml,1089,4103,0.0,21,0.0,0
BID_1.re.xml,1090,4107,0.0,32,0.0,0
BIE_1.re.xml,1083,4105,0.0,80,0.0,0
BIF_1.re.xml,1089,4103,0.0,21,0.0,0
BIG_1.re.xml,1094,4112,0.0,30,0.0,0
BIH_4.re.xml,1095,4123,0.0,36,0.0,0
BII_4.re.xml,1091,4116,0.0,73,0.0,0
BIK_3.re.xml,1090,4102,0.0,30,0.0,0
BIL_3.re.xml,1093,4124,0.0,50,0.0,0
BIM_3.re.xml,1088,4104,0.0,36,0.0,0
BIN_3.re.xml,1093,4115,0.0,77,0.0,0
BIP_3.re.xml,1089,4103,0.0,30,0.0,0
BIQ_3.re.xml,1087,4108,0.0,53,0.0,0
BIR_2.re.xml,1084,4097,0.0,65,0.0,0
BIS_2.re.xml,1089,4104,0.0,34,0.0,0
BIT_2.re.xml,1085,4097,0.0,36,0.0,0
BKA_2.re.xml,1089,4105,0.0,67,0.0,0
BKC_1.re.xml,1093,4119,0.0,43,0.0,0
BKD_1.re.xml,1087,4103,0.0,53,0.0,0
BKE_1.re.xml,1090,4106,0.0,58,0.0,0
BKF_3.re.xml,1087,4101,0.0,35,0.0,0
BKG_3.re.xml,1086,4101,0.0,43,0.0,0
BKH_1.re.xml,1088,4106,0.0,21,0.0,0
BKI_2.re.xml,1088,4107,0.0,32,0.0,0
BKK_2.re.xml,1089,4108,0.0,30,0.0,0
BKL_1.re.xml,1088,4104,0.0,30,0.0,0
BKM_1.re.xml,1088,4102,0.0,21,0.0,0
BKN_2.re.xml,1088,4102,0.0,57,0.0,0
BKP_1.re.xml,1088,4106,0.0,33,0.0,0
BKQ_2.re.xml,1092,4107,0.0,37,0.0,0
BKR_1.re.xml,1087,4105,0.0,40,0.0,0
BKS_1.re.xml,1093,4107,0.0,48,0.0,0
BKT_2.re.xml,1086,4103,0.0,85,0.0,0
BLA_4.re.xml,1087,4104,0.0,30,0.0,0
BLB_4.re.xml,1095,4112,0.0,52,0.0,0
BLC_4.re.xml,1089,4107,0.0,59,0.0,0
BLD_3.re.xml,1090,4107,0.0,41,0.0,0
BLE_2.re.xml,1087,4105,0.0,69,0.0,0
BLF_2.re.xml,1095,4107,0.0,44,0.0,0
BLG_1.re.xml,1088,4104,0.0,42,0.0,0
BLH_1.re.xml,1089,4105,0.0,38,0.0,0
BLI_3.re.xml,1089,4105,0.0,54,0.0,0
BLK_2.re.xml,1092,4107,0.0,35,0.0,0
BLL_1.re.xml,1087,4105,0.0,69,0.0,0
BLM_3.re.xml,1089,4107,0.0,60,0.0,0
BLN_2.re.xml,1090,4102,0.0,50,0.0,0
BLP_5.re.xml,1089,4102,0.0,44,0.0,0
BLQ_1.re.xml,1085,4104,0.0,33,0.0,0
BLR_3.re.xml,1086,4106,0.0,42,0.0,0
BLS_5.re.xml,1091,4118,0.0,66,0.0,0
BLT_2.re.xml,1094,4108,0.0,84,0.0,0
BLV_3.re.xml,1089,4110,0.0,55,0.0,0
BMA_2.re.xml,1090,4115,0.0,50,0.0,0
BMB_1.re.xml,1087,4116,0.0,43,0.0,0
BMC_1.re.xml,1090,4115,0.0,50,0.0,0
BMD_5.re.xml,1076,4096,0.0,90,0.0,0
BMF_1.re.xml,1080,4101,0.0,75,0.0,0
BMG_2.re.xml,1075,4063,0.0,60,0.0,0
BMH_5.re.xml,1088,4103,0.0,30,0.0,0
BMI_4.re.xml,1089,4103,0.0,30,0.0,0
BMK_5.re.xml,1088,4102,0.0,34,0.0,0
BMN_4.re.xml,1087,4102,0.0,35,0.0,0
BMQ_5.re.xml,1073,4079,0.0,81,0.0,0
BMR_2.re.xml,1085,4098,0.0,35,0.0,0
BMV_2.re.xml,1084,4100,0.0,43,0.0,0
BNA_4.re.xml,1082,4096,0.0,41,0.0,0
BNB_4.re.xml,1084,4099,0.0,29,0.0,0
BNC_4.re.xml,1078,4094,0.0,41,0.0,0
BND_3.re.xml,1080,4094,0.0,41,0.0,0
BNE_2.re.xml,1083,4100,0.0,42,0.0,0
BNF_4.re.xml,1087,4103,0.0,46,0.0,0
BNG_4.re.xml,1087,4107,0.0,31,0.0,0
BNH_3.re.xml,1094,4109,0.0,30,0.0,0
BNI_4.re.xml,1088,4107,0.0,42,0.0,0
BNK_4.re.xml,1090,4110,0.0,57,0.0,0
BNL_4.re.xml,1089,4103,0.0,21,0.0,0
BNM_4.re.xml,1088,4102,0.0,30,0.0,0
BNN_2.re.xml,1090,4105,0.0,30,0.0,0
BNP_4.re.xml,1086,4103,0.0,69,0.0,0
BNQ_4.re.xml,1089,4103,0.0,30,0.0,0
BNR_4.re.xml,1088,4105,0.0,30,0.0,0
BNT_4.re.xml,1095,4110,0.0,50,0.0,0
BNV_2.re.xml,1088,4105,0.0,30,0.0,0
BPA_4.re.xml,1077,4085,0.0,34,0.0,0
BPB_4.re.xml,1087,4106,0.0,76,0.0,0
BPC_4.re.xml,1089,4106,0.0,62,0.0,0
BPF_4.re.xml,1092,4109,0.0,21,0.0,0
BPG_4.re.xml,1087,4101,0.0,35,0.0,0
BPH_4.re.xml,1088,4106,0.0,63,0.0,0
BPI_4.re.xml,1079,4098,0.0,38,0.0,0
BPK_4.re.xml,1089,4109,0.0,34,0.0,0
BPL_2.re.xml,1085,4116,0.0,42,0.0,0
BPM_4.re.xml,1085,4102,0.0,44,0.0,0
BPN_2.re.xml,1077,4098,0.0,52,0.0,0
BPP_4.re.xml,1090,4105,0.0,42,0.0,0
BPQ_4.re.xml,1091,4110,0.0,31,0.0,0
BPR_4.re.xml,1087,4102,0.0,49,0.0,0
BPT_5.re.xml,1089,4105,0.0,49,0.0,0
BPV_4.re.xml,1090,4107,0.0,33,0.0,0
BQA_4.re.xml,1092,4113,0.0,47,0.0,0
BQB_4.re.xml,1090,4106,0.0,53,0.0,0
BQC_4.re.xml,1090,4107,0.0,23,0.0,0
BQE_4.re.xml,1089,4106,0.0,53,0.0,0
BQG_4.re.xml,1086,4107,0.0,72,0.0,0
BQH_4.re.xml,1087,4101,0.0,76,0.0,0
BQI_4.re.xml,1089,4103,0.0,30,0.0,0
BQM_4.re.xml,1085,4105,0.0,49,0.0,0
BQN_4.re.xml,1089,4109,0.0,49,0.0,0
BQP_4.re.xml,1090,4104,0.0,30,0.0,0
BQQ_4.re.xml,1089,4108,0.0,44,0.0,0
BQR_4.re.xml,1089,4106,0.0,29,0.0,0
BQS_4.re.xml,1085,4101,0.0,21,0.0,0
BQT_4.re.xml,1089,4103,0.0,30,0.0,0
BRA_4.re.xml,1090,4106,0.0,39,0.0,0
BRB_4.re.xml,1089,4106,0.0,39,0.0,0
BRC_4.re.xml,1087,4109,0.0,81,0.0,0
BRD_4.re.xml,1089,4109,0.0,41,0.0,0
BRE_4.re.xml,1088,4107,0.0,31,0.0,0
BRF_4.re.xml,1087,4108,0.0,40,0.0,0
BRG_4.re.xml,1089,4114,0.0,34,0.0,0
BRH_4.re.xml,1085,4104,0.0,60,0.0,0
BRK_4.re.xml,1086,4102,0.0,34,0.0,0
BRL_4.re.xml,1087,4116,0.0,22,0.0,0
BRM_4.re.xml,1089,4112,0.0,31,0.0,0
BRP_4.re.xml,1069,4056,0.0,30,0.0,0
BRQ_4.re.xml,1071,3996,0.0,38,0.0,0
BRV_4.re.xml,1087,4111,0.0,36,0.0,0
BSA_4.re.xml,1091,4105,0.0,30,0.0,0
BSB_4.re.xml,1093,4111,0.0,31,0.0,0
BSC_4.re.xml,1091,4108,0.0,45,0.0,0
BSD_4.re.xml,1089,4110,0.0,81,0.0,0
BSE_4.re.xml,1090,4108,0.0,35,0.0,0
BSG_4.re.xml,1089,4111,0.0,34,0.0,0
BSI_3.re.xml,1078,4095,0.0,46,0.0,0
BSK_4.re.xml,1083,4102,0.0,32,0.0,0
BSL_4.re.xml,1090,4109,0.0,49,0.0,0
BSM_3.re.xml,1090,4109,0.0,53,0.0,0
BSN_5.re.xml,1091,4111,0.0,30,0.0,0
BSP_3.re.xml,1093,4120,0.0,39,0.0,0
BSR_4.re.xml,1088,4102,0.0,29,0.0,0
BSS_4.re.xml,1082,4100,0.0,44,0.0,0
BST_3.re.xml,1091,4120,0.0,71,0.0,0
BTA_5.re.xml,1072,4059,0.0,37,0.0,0
BTB_3.re.xml,1076,4095,0.0,39,0.0,0
BTC_4.re.xml,1087,4104,0.0,47,0.0,0
BTF_4.re.xml,1082,4101,0.0,70,0.0,0
BTG_3.re.xml,1089,4107,0.0,40,0.0,0
BTH_3.re.xml,1091,4104,0.0,42,0.0,0
BTI_4.re.xml,1090,4110,0.0,31,0.0,0
BTL_3.re.xml,1088,4105,0.0,32,0.0,0
BTN_4.re.xml,1089,4108,0.0,55,0.0,0
BTP_5.re.xml,1083,4099,0.0,42,0.0,0
BTR_4.re.xml,1086,4100,0.0,36,0.0,0
BTS_3.re.xml,1086,4098,0.0,29,0.0,0
BTT_3.re.xml,1083,4104,0.0,52,0.0,0
BTV_5.re.xml,1087,4104,0.0,34,0.0,0
BVA_4.re.xml,1084,4108,0.0,35,0.0,0
BVB_6.re.xml,1082,4105,0.0,33,0.0,0
BVC_6.re.xml,1084,4096,0.0,38,0.0,0
BVD_5.re.xml,1085,4107,0.0,71,0.0,0
BVE_4.re.xml,1089,4107,0.0,30,0.0,0
BVF_5.re.xml,1082,4105,0.0,40,0.0,0
BVG_4.re.xml,1077,4102,0.0,51,0.0,0
BVH_1.re.xml,1085,4107,0.0,55,0.0,0
BVK_2.re.xml,1093,4110,0.0,57,0.0,0
BVM_3.re.xml,1089,4106,0.0,32,0.0,0
BVT_3.re.xml,1089,4106,0.0,71,0.0,0
BVV_4.re.xml,1089,4104,0.0,71,0.0,0
CAA_2.re.xml,1085,4096,0.0,55,0.0,0
CAB_4.re.xml,1088,4106,0.0,38,0.0,0
CAC_2.re.xml,1089,4104,0.0,71,0.0,0
CAD_4.re.xml,1089,4104,0.0,71,0.0,0
CAE_2.re.xml,1088,4108,0.0,36,0.0,0
CAF_2.re.xml,1088,4106,0.0,35,0.0,0
CAH_4.re.xml,1085,4104,0.0,57,0.0,0
CAI_2.re.xml,1088,4106,0.0,99,0.0,0
CAK_4.re.xml,1084,4105,0.0,47,0.0,0
CAL_3.re.xml,1088,4107,0.0,33,0.0,0
CAM_2.re.xml,1092,4105,0.0,61,0.0,0
CAN_4.re.xml,1082,4099,0.0,50,0.0,0
CAP_4.re.xml,1086,4106,0.0,38,0.0,0
CAQ_3.re.xml,1087,4099,0.0,47,0.0,0
CAR_3.re.xml,1089,4104,0.0,71,0.0,0
CAS_1.re.xml,1089,4106,0.0,48,0.0,0
CAT_6.re.xml,1089,4106,0.0,71,0.0,0
CAV_4.re.xml,1087,4103,0.0,57,0.0,0
CBA_3.re.xml,1087,4106,0.0,31,0.0,0
CBB_4.re.xml,1085,4102,0.0,44,0.0,0
CBC_6.re.xml,1084,4099,0.0,36,0.0,0
CBD_6.re.xml,1088,4105,0.0,34,0.0,0
CBE_5.re.xml,1088,4099,0.0,35,0.0,0
CBG_3.re.xml,1092,4111,0.0,35,0.0,0
CBH_1.re.xml,1091,4105,0.0,51,0.0,0
CBI_2.re.xml,1091,4109,0.0,49,0.0,0
CBK_4.re.xml,1089,4103,0.0,20,0.0,0
CBL_2.re.xml,1079,4101,0.0,21,0.0,0
CBM_4.re.xml,1078,4097,0.0,34,0.0,0
CBN_5.re.xml,1095,4112,0.0,73,0.0,0
CCC_3.re.xml,1089,4114,0.0,28,0.0,0
CCD_4.re.xml,1087,4111,0.0,39,0.0,0
CCE_6.re.xml,1089,4114,0.0,28,0.0,0
CCF_6.re.xml,1088,4114,0.0,28,0.0,0
CCG_4.re.xml,1090,4115,0.0,34,0.0,0
CCH_4.re.xml,1091,4118,0.0,41,0.0,0
CCI_4.re.xml,1091,4114,0.0,44,0.0,0
CCL_1.re.xml,1087,4101,0.0,29,0.0,0
CCM_1.re.xml,1093,4110,0.0,29,0.0,0
CCN_1.re.xml,1091,4104,0.0,36,0.0,0
CCP_1.re.xml,1091,4104,0.0,20,0.0,0
CCQ_1.re.xml,1089,4107,0.0,43,0.0,0
CCR_1.re.xml,1090,4107,0.0,42,0.0,0
CCS_1.re.xml,1089,4107,0.0,42,0.0,0
CCT_2.re.xml,1090,4108,0.0,33,0.0,0
CCV_1.re.xml,1091,4114,0.0,39,0.0,0
CDA_2.re.xml,1094,4113,0.0,31,0.0,0
CDB_2.re.xml,1093,4113,0.0,32,0.0,0
CDC_3.re.xml,1089,4104,0.0,55,0.0,0
CDD_2.re.xml,1090,4107,0.0,39,0.0,0
CDE_2.re.xml,1089,4108,0.0,45,0.0,0
CDF_1.re.xml,1085,4100,0.0,32,0.0,0
CDG_2.re.xml,1085,4100,0.0,32,0.0,0
CDH.re.xml,1087,4104,0.0,23,0.0,0
CDI_1.re.xml,1086,4104,0.0,23,0.0,0
CDK_4.re.xml,1091,4110,0.0,35,0.0,0
CDL_3.re.xml,1091,4109,0.0,35,0.0,0
CDM_4.re.xml,1085,4099,0.0,21,0.0,0
CDN_4.re.xml,1092,4115,0.0,73,0.0,0
CDP_3.re.xml,1088,4106,0.0,35,0.0,0
CDQ_3.re.xml,1089,4107,0.0,58,0.0,0
CDR_3.re.xml,1088,4104,0.0,31,0.0,0
CDS_4.re.xml,1093,4108,0.0,34,0.0,0
CDT_2.re.xml,1088,4118,0.0,55,0.0,0
CDV_4.re.xml,1095,4110,0.0,44,0.0,0
CEA_4.re.xml,1096,4111,0.0,34,0.0,0
CEB_3.re.xml,1094,4110,0.0,40,0.0,0
CEC_4.re.xml,1088,4103,0.0,30,0.0,0
CED_4.re.xml,1094,4108,0.0,62,0.0,0
CEE_4.re.xml,1093,4109,0.0,28,0.0,0
CEF_4.re.xml,1094,4109,0.0,59,0.0,0
CEG_4.re.xml,1088,4103,0.0,52,0.0,0
CEH_4.re.xml,1089,4106,0.0,42,0.0,0
CEI_2.re.xml,1084,4101,0.0,53,0.0,0
CEK_4.re.xml,1092,4109,0.0,42,0.0,0
CEL_4.re.xml,1089,4105,0.0,37,0.0,0
CEM_2.re.xml,1084,4104,0.0,42,0.0,0
CEN_4.re.xml,1090,4109,0.0,53,0.0,0
CEP_4.re.xml,1089,4107,0.0,30,0.0,0
CEQ_4.re.xml,1086,4104,0.0,22,0.0,0
CER_4.re.xml,1079,4109,0.0,34,0.0,0
CES_4.re.xml,1080,4096,0.0,29,0.0,0
CET_4.re.xml,1079,4107,0.0,43,0.0,0
CEV_2.re.xml,1087,4115,0.0,51,0.0,0
CFA_4.re.xml,1085,4100,0.0,22,0.0,0
CFB_4.re.xml,1088,4109,0.0,53,0.0,0
CFD_4.re.xml,1073,4090,0.0,61,0.0,0
CFE_4.re.xml,1091,4110,0.0,57,0.0,0
CFF_4.re.xml,1089,4105,0.0,22,0.0,0
CFM_4.re.xml,1073,4089,0.0,42,0.0,0
CFQ_4.re.xml,1087,4109,0.0,76,0.0,0
CFR_3.re.xml,1088,4101,0.0,30,0.0,0
CFS_4.re.xml,1090,4106,0.0,34,0.0,0
CFT_5.re.xml,1084,4107,0.0,43,0.0,0
CFV_4.re.xml,1085,4099,0.0,49,0.0,0
CGB_5.re.xml,1089,4104,0.0,29,0.0,0
CGD_5.re.xml,1087,4115,0.0,86,0.0,0
CGE_5.re.xml,1087,4118,0.0,42,0.0,0
CGG_4.re.xml,1087,4104,0.0,29,0.0,0
CGH_5.re.xml,1082,4098,0.0,21,0.0,0
CGI_4.re.xml,1084,4101,0.0,49,0.0,0
CGK_4.re.xml,1091,4114,0.0,34,0.0,0
CGL_4.re.xml,1083,4098,0.0,44,0.0,0
CGN_5.re.xml,1087,4113,0.0,41,0.0,0
CGP_5.re.xml,1083,4107,0.0,21,0.0,0
CGQ_4.re.xml,1089,4114,0.0,34,0.0,0
CGR_5.re.xml,1087,4106,0.0,35,0.0,0
CGS_5.re.xml,1093,4112,0.0,30,0.0,0
CGT_5.re.xml,1090,4106,0.0,39,0.0,0
CGV_3.re.xml,1089,4107,0.0,32,0.0,0
CHA_4.re.xml,1092,4110,0.0,30,0.0,0
CHB_4.re.xml,1086,4102,0.0,22,0.0,0
CHC_4.re.xml,1090,4107,0.0,53,0.0,0
CHD_3.re.xml,1092,4123,0.0,41,0.0,0
CHE_4.re.xml,1090,4103,0.0,30,0.0,0
CHF_4.re.xml,1086,4098,0.0,32,0.0,0
CHG_4.re.xml,1078,4102,0.0,90,0.0,0
CHH_4.re.xml,1081,4107,0.0,42,0.0,0
CHI_4.re.xml,1082,4105,0.0,63,0.0,0
CHK_4.re.xml,1077,4093,0.0,57,0.0,0
CHL_4.re.xml,1085,4104,0.0,34,0.0,0
CHM_4.re.xml,1089,4114,0.0,34,0.0,0
CHN_4.re.xml,1082,4096,0.0,33,0.0,0
CHP_4.re.xml,1080,4083,0.0,20,0.0,0
CHQ_4.re.xml,1081,4107,0.0,91,0.0,0
CHR_4.re.xml,1076,4096,0.0,41,0.0,0
CHS_4.re.xml,1086,4106,0.0,86,0.0,0
CHT_4.re.xml,1086,4104,0.0,39,0.0,0
CHV_4.re.xml,1084,4098,0.0,21,0.0,0
CIA_4.re.xml,1088,4107,0.0,43,0.0,0
CIB_4.re.xml,1089,4107,0.0,34,0.0,0
CIC_4.re.xml,1085,4096,0.0,38,0.0,0
CID_4.re.xml,1083,4099,0.0,30,0.0,0
CIE_4.re.xml,1087,4112,0.0,57,0.0,0
CIF_2.re.xml,1080,4099,0.0,34,0.0,0
CIG_2.re.xml,1082,4091,0.0,34,0.0,46
CIH_2.re.xml,1084,4102,0.0,42,0.0,0
CII_2.re.xml,1080,4089,0.0,35,0.0,0
CIK_2.re.xml,1080,4106,0.0,19,0.0,0
CIL_2.re.xml,1085,4097,0.0,34,0.0,0
CIM_2.re.xml,1090,4104,0.0,30,0.0,0
CIN_2.re.xml,1090,4105,0.0,30,0.0,0
CIP_2.re.xml,1089,4104,0.0,30,0.0,0
CIQ_2.re.xml,1090,4104,0.0,30,0.0,0
CIR_3.re.xml,1090,4104,0.0,30,0.0,0
CIS_3.re.xml,1091,4105,0.0,30,0.0,0
CIT_3.re.xml,1092,4105,0.0,30,0.0,0
CIV_3.re.xml,1089,4102,0.0,35,0.0,0
CKA_3.re.xml,1083,4094,0.0,30,0.0,0
CKB_3.re.xml,1088,4102,0.0,35,0.0,0
CKC_3.re.xml,1091,4105,0.0,30,0.0,0
CKD_3.re.xml,1087,4102,0.0,35,0.0,0
CKE_3.re.xml,1092,4105,0.0,30,0.0,0
CKF_3.re.xml,1091,4105,0.0,30,0.0,0
CKG_4.re.xml,1088,4103,0.0,21,0.0,0
CKH_4.re.xml,1086,4101,0.0,43,0.0,0
CKI_4.re.xml,1089,4104,0.0,30,0.0,0
CKL_4.re.xml,1089,4103,0.0,21,0.0,0
CKM_4.re.xml,1090,4104,0.0,30,0.0,0
CKN_4.re.xml,1078,4098,0.0,183,0.0,0
CKP_4.re.xml,1089,4103,0.0,21,0.0,0
CKQ_4.re.xml,1090,4104,0.0,30,0.0,0
CKR_1.re.xml,1094,4119,0.0,45,0.0,0
CKT_5.re.xml,1088,4102,0.0,35,0.0,0
CKV_5.re.xml,1077,4094,0.0,34,0.0,0
CLB_5.re.xml,1091,4109,0.0,43,0.0,0
CLC_4.re.xml,1090,4105,0.0,30,0.0,0
CLD_5.re.xml,1090,4109,0.0,43,0.0,0
CLG_4.re.xml,1081,4115,0.0,65,0.0,0
CLH_4.re.xml,1091,4102,0.0,55,0.0,0
CLI_4.re.xml,1087,4101,0.0,34,0.0,0
CLK_4.re.xml,1086,4100,0.0,32,0.0,0
CLL_4.re.xml,1088,4101,0.0,33,0.0,0
CLM_4.re.xml,1085,4098,0.0,29,0.0,0
CLN_4.re.xml,1084,4103,0.0,91,0.0,0
CLP_4.re.xml,1087,4101,0.0,33,0.0,0
CLQ_4.re.xml,1088,4104,0.0,29,0.0,0
CLR_4.re.xml,1088,4101,0.0,33,0.0,0
CLS_4.re.xml,1086,4100,0.0,32,0.0,0
CLT_5.re.xml,1088,4101,0.0,33,0.0,0
CLV_5.re.xml,1088,4101,0.0,33,0.0,0
CMB_6.re.xml,1087,4100,0.0,32,0.0,0
CMC_6.re.xml,1088,4101,0.0,33,0.0,0
CMD_6.re.xml,1089,4102,0.0,22,0.0,0
CME_6.re.xml,1087,4101,0.0,33,0.0,0
CMF_6.re.xml,1091,4106,0.0,22,0.0,0
CMH_6.re.xml,1087,4102,0.0,73,0.0,0
CMI_6.re.xml,1083,4098,0.0,29,0.0,0
CMK_6.re.xml,1087,4099,0.0,54,0.0,0
CML_8.re.xml,1087,4105,0.0,42,0.0,0
CMM_8.re.xml,1088,4101,0.0,33,0.0,0
CMN_8.re.xml,1087,4103,0.0,63,0.0,0
CMP_8.re.xml,1090,4116,0.0,30,0.0,0
CMQ_8.re.xml,1090,4114,0.0,44,0.0,0
CMS_8.re.xml,1088,4106,0.0,35,0.0,0
CMT_8.re.xml,1083,4102,0.0,32,0.0,0
CNB_4.re.xml,1081,4105,0.0,22,0.0,0
CNC_4.re.xml,1079,4102,0.0,42,0.0,0
CNE_4.re.xml,1084,4107,0.0,43,0.0,0
CNF_4.re.xml,1085,4106,0.0,34,0.0,0
CNG_4.re.xml,1084,4106,0.0,32,0.0,0
CNH_4.re.xml,1083,4102,0.0,20,0.0,0
CNI_4.re.xml,1082,4096,0.0,44,0.0,0
CNK_4.re.xml,1081,4097,0.0,42,0.0,0
CNL_4.re.xml,1080,4103,0.0,44,0.0,0
CNM_1.re.xml,1076,4095,0.0,30,0.0,0
CNN_1.re.xml,1081,4103,0.0,85,0.0,0
CNP_1.re.xml,1086,4103,0.0,44,0.0,0
CNQ_1.re.xml,1081,4097,0.0,56,0.0,0
CNR_1.re.xml,1079,4083,0.0,40,0.0,0
CNS_4.re.xml,1080,4103,0.0,54,0.0,0
CNT_4.re.xml,1081,4105,0.0,40,0.0,0
CNV_4.re.xml,1086,4110,0.0,29,0.0,0
CPA_4.re.xml,1083,4095,0.0,60,0.0,0
CPB_4.re.xml,1086,4107,0.0,34,0.0,0
CPC_4.re.xml,1079,4094,0.0,34,0.0,0
CPD_4.re.xml,1085,4109,0.0,49,0.0,0
CPE_1.re.xml,1091,4112,0.0,32,0.0,0
CPF_1.re.xml,1084,4101,0.0,41,0.0,0
CPG_1.re.xml,1087,4115,0.0,61,0.0,0
CPI_4.re.xml,1081,4093,0.0,38,0.0,0
CPK_4.re.xml,1078,4092,0.0,44,0.0,0
CPL_4.re.xml,1077,4092,0.0,58,0.0,0
CPM_4.re.xml,1082,4096,0.0,53,0.0,0
CPN_4.re.xml,1079,4095,0.0,29,0.0,0
CPQ_4.re.xml,1082,4095,0.0,59,0.0,0
CPR_4.re.xml,1079,4097,0.0,29,0.0,0
CPS_4.re.xml,1084,4106,0.0,44,0.0,0
CPT_4.re.xml,1082,4098,0.0,72,0.0,0
CQA_6.re.xml,1082,4098,0.0,35,0.0,0
CQB_6.re.xml,1081,4100,0.0,33,0.0,0
CQC_6.re.xml,1086,4103,0.0,21,0.0,0
CQD_6.re.xml,1088,4104,0.0,30,0.0,0
CQE_6.re.xml,1088,4099,0.0,33,0.0,0
CQF_6.re.xml,1090,4101,0.0,30,0.0,0
CQG_6.re.xml,1089,4103,0.0,21,0.0,0
CQH_6.re.xml,1080,4087,0.0,43,0.0,0
CQI_6.re.xml,1087,4097,0.0,46,0.0,0
CQK_4.re.xml,1089,4104,0.0,110,0.0,0
CQL_4.re.xml,1079,4088,0.0,65,0.0,0
CQM_4.re.xml,1085,4102,0.0,41,0.0,0
CQN_4.re.xml,1087,4102,0.0,40,0.0,0
CQP_4.re.xml,1089,4105,0.0,20,0.0,0
CQQ_4.re.xml,1086,4100,0.0,32,0.0,0
CQR_4.re.xml,1085,4099,0.0,23,0.0,0
CQS_4.re.xml,1093,4119,0.0,42,0.0,0
CQT_4.re.xml,1084,4102,0.0,57,0.0,0
CQV_4.re.xml,1089,4106,0.0,32,0.0,0
CRA_2.re.xml,1091,4108,0.0,33,0.0,0
CRB_2.re.xml,1087,4106,0.0,49,0.0,0
CRC_2.re.xml,1088,4105,0.0,50,0.0,0
CRD_2.re.xml,1087,4101,0.0,30,0.0,0
CRE_2.re.xml,1078,4092,0.0,21,0.0,0
CRG_2.re.xml,1092,4110,0.0,44,0.0,0
CRH_2.re.xml,1093,4105,0.0,30,0.0,0
CRI_2.re.xml,1087,4105,0.0,32,0.0,0
CRK_2.re.xml,1087,4105,0.0,40,0.0,0
CRL_.re.xml,1092,4109,0.0,44,0.0,0
GAL.re.xml,1084,4098,0.0,34,0.0,0
GAP.re.xml,1085,4106,0.0,71,0.0,0
GAS.re.xml,1089,4108,0.0,48,0.0,0
GAT.re.xml,1089,4113,0.0,33,0.0,0
GAV.re.xml,1090,4106,0.0,47,0.0,0
GCA_000151485.1_ASM15148v1_genomic.xml,1088,4102,0.0,34,0.0,0
GCA_000181435.1_ASM18143v1_genomic.xml,1087,4101,0.0,20,0.0,0
GCA_000182315.2_ASM18231v2_genomic.xml,1076,4094,0.0,32,0.0,0
GCA_000260735.1_K7_1.0_genomic.xml,1088,4101,0.0,33,0.0,0
GCA_000275665.1_YJSH1_1.0_genomic.xml,1090,4116,0.0,33,0.0,0
GCA_000308935.1_ZTW1_genomic.xml,1088,4103,0.0,29,0.0,0
GCA_000365045.1_Saccharomyces_cerevisiae_M3707_v1.0_genomic.xml,1090,4116,0.0,34,0.0,0
GCA_000365065.1_Saccharomyces_cerevisiae_M3836_v1.0_genomic.xml,1090,4112,0.0,52,0.0,0
GCA_000365085.1_Saccharomyces_cerevisiae_M3837_v1.0_genomic.xml,1091,4116,0.0,34,0.0,0
GCA_000365105.1_Saccharomyces_cerevisiae_M3838_v1.0_genomic.xml,1093,4117,0.0,30,0.0,0
GCA_000365125.1_Saccharomyces_cerevisiae_M3839_v1.0_genomic.xml,1090,4114,0.0,34,0.0,0
GCA_000416405.1_S._cerevisiae_NY1308_genomic.xml,1083,4095,0.0,31,0.0,0
GCA_000508805.2_ScNAM34-4C_assembly01_genomic.xml,1087,4104,0.0,32,0.0,0
GCA_000508825.2_ScIR-2_assembly01_genomic.xml,1077,4081,0.0,30,0.0,0
GCA_000568005.1_R008_genomic.xml,1089,4115,0.0,35,0.0,0
GCA_000662435.2_Sc_YJM993_v1_genomic.xml,1090,4101,0.0,30,0.0,0
GCA_000723645.1_ZhangWP_SECN85_genomic.xml,1087,4102,0.0,37,0.0,0
GCA_000733235.3_ASM73323v3_genomic.xml,1085,4101,0.0,33,0.0,0
GCA_000766165.2_ASM76616v2_genomic.xml,1077,4096,0.0,43,0.0,0
GCA_000766175.2_ASM76617v2_genomic.xml,1085,4099,0.0,49,0.0,0
GCA_000766185.2_ASM76618v2_genomic.xml,1084,4103,0.0,50,0.0,0
GCA_000766265.2_ASM76626v2_genomic.xml,1081,4097,0.0,54,0.0,0
GCA_000766305.2_ASM76630v2_genomic.xml,1081,4100,0.0,140,0.0,0
GCA_000766315.2_ASM76631v2_genomic.xml,1086,4101,0.0,30,0.0,0
GCA_000766375.2_ASM76637v2_genomic.xml,1089,4103,0.0,33,0.0,0
GCA_000766395.2_ASM76639v2_genomic.xml,1090,4105,0.0,40,0.0,0
GCA_000766415.2_ASM76641v2_genomic.xml,1080,4098,0.0,36,0.0,0
GCA_000766455.2_ASM76645v2_genomic.xml,1087,4114,0.0,54,0.0,0
GCA_000766495.2_ASM76649v2_genomic.xml,1083,4102,0.0,41,0.0,0
GCA_000766515.2_ASM76651v2_genomic.xml,1088,4118,0.0,34,0.0,0
GCA_000766535.2_ASM76653v2_genomic.xml,1089,4104,0.0,40,0.0,0
GCA_000766555.2_ASM76655v2_genomic.xml,1092,4118,0.0,53,0.0,0
GCA_000766575.2_ASM76657v2_genomic.xml,1085,4099,0.0,90,0.0,0
GCA_000766595.2_ASM76659v2_genomic.xml,1089,4102,0.0,30,0.0,0
GCA_000766615.2_ASM76661v2_genomic.xml,1090,4107,0.0,82,0.0,0
GCA_000766635.2_ASM76663v2_genomic.xml,1084,4100,0.0,88,0.0,0
GCA_000767965.1_ASM76796v1_genomic.xml,1087,4101,0.0,37,0.0,0
GCA_000773925.1_ASM77392v1_genomic.xml,1094,4108,0.0,22,0.0,0
GCA_000775555.1_ASM77555v1_genomic.xml,1076,4095,0.0,34,0.0,0
GCA_000975585.2_Sc_YJM195_v1_genomic.xml,1089,4100,0.0,48,0.0,0
GCA_000975615.2_Sc_YJM244_v1_genomic.xml,1082,4093,0.0,22,0.0,0
GCA_000975645.3_Sc_YJM1078_v1_genomic.xml,1087,4110,0.0,40,0.0,0
GCA_000975675.2_Sc_YJM1083_v1_genomic.xml,1089,4106,0.0,72,0.0,0
GCA_000975705.2_Sc_YJM1129_v1_genomic.xml,1093,4111,0.0,31,0.0,0
GCA_000975735.4_Sc_YJM189_v1_genomic.xml,1096,4113,0.0,52,0.0,0
GCA_000975765.2_Sc_YJM193_v1_genomic.xml,1089,4109,0.0,33,0.0,0
GCA_000975795.2_Sc_YJM248_v1_genomic.xml,1090,4117,0.0,41,0.0,0
GCA_000975825.2_Sc_YJM270_v1_genomic.xml,1091,4108,0.0,42,0.0,0
GCA_000975855.3_Sc_YJM271_v1_genomic.xml,1078,4095,0.0,33,0.0,0
GCA_000975915.2_Sc_YJM326_v1_genomic.xml,1090,4107,0.0,55,0.0,0
GCA_000975945.2_Sc_YJM428_v1_genomic.xml,1092,4108,0.0,35,0.0,0
GCA_000975975.3_Sc_YJM450_v1_genomic.xml,1091,4106,0.0,58,0.0,0
GCA_000976005.2_Sc_YJM451_v1_genomic.xml,1076,4035,0.0,48,0.0,0
GCA_000976035.2_Sc_YJM453_v1_genomic.xml,1087,4105,0.0,51,0.0,0
GCA_000976065.2_Sc_YJM456_v1_genomic.xml,1092,4107,0.0,38,0.0,0
GCA_000976095.2_Sc_YJM470_v1_genomic.xml,1092,4121,0.0,39,0.0,0
GCA_000976125.2_Sc_YJM541_v1_genomic.xml,1092,4112,0.0,30,0.0,0
GCA_000976155.4_Sc_YJM554_v1_genomic.xml,1094,4109,0.0,36,0.0,0
GCA_000976185.2_Sc_YJM555_v1_genomic.xml,1094,4112,0.0,30,0.0,0
GCA_000976215.2_Sc_YJM627_v1_genomic.xml,1082,4084,0.0,20,0.0,0
GCA_000976245.2_Sc_YJM681_v1_genomic.xml,1088,4117,0.0,48,0.0,0
GCA_000976275.4_Sc_YJM682_v1_genomic.xml,1088,4105,0.0,34,0.0,0
GCA_000976305.2_Sc_YJM683_v1_genomic.xml,1092,4112,0.0,35,0.0,0
GCA_000976335.2_Sc_YJM689_v1_genomic.xml,1086,3909,0.0,34,0.0,0
GCA_000976365.2_Sc_YJM693_v1_genomic.xml,1090,4107,0.0,52,0.0,0
GCA_000976395.2_Sc_YJM969_v1_genomic.xml,1090,4101,0.0,30,0.0,0
GCA_000976425.2_Sc_YJM972_v1_genomic.xml,1091,4104,0.0,35,0.0,0
GCA_000976515.2_Sc_YJM981_v1_genomic.xml,1091,4104,0.0,35,0.0,0
GCA_000976545.2_Sc_YJM984_v1_genomic.xml,1090,4104,0.0,35,0.0,0
GCA_000976575.4_Sc_YJM987_v1_genomic.xml,1089,4103,0.0,30,0.0,0
GCA_000976605.3_Sc_YJM990_v1_genomic.xml,1072,4063,0.0,32,0.0,0
GCA_000976665.2_Sc_YJM996_v1_genomic.xml,1090,4101,0.0,30,0.0,0
GCA_000976695.3_Sc_YJM1133_v1_genomic.xml,1075,4067,0.0,30,0.0,0
GCA_000976725.3_Sc_YJM1190_v1_genomic.xml,1092,4107,0.0,30,0.0,0
GCA_000976755.2_Sc_YJM1199_v1_genomic.xml,1090,4105,0.0,52,0.0,0
GCA_000977085.2_Sc_YJM1311_v1_genomic.xml,1092,4105,0.0,52,0.0,0
GCA_000977115.3_Sc_YJM1326_v1_genomic.xml,1092,4112,0.0,30,0.0,0
GCA_000977145.2_Sc_YJM1332_v1_genomic.xml,1091,4108,0.0,42,0.0,0
GCA_000977175.3_Sc_YJM1336_v1_genomic.xml,1088,4104,0.0,30,0.0,0
GCA_000977205.2_Sc_YJM1338_v1_genomic.xml,1092,4107,0.0,30,0.0,0
GCA_000977235.2_Sc_YJM1341_v1_genomic.xml,1090,4111,0.0,34,0.0,0
GCA_000977265.3_Sc_YJM1342_v1_genomic.xml,1091,4115,0.0,52,0.0,0
GCA_000977295.2_Sc_YJM1355_v1_genomic.xml,1091,4103,0.0,30,0.0,0
GCA_000977325.2_Sc_YJM1356_v1_genomic.xml,1092,4110,0.0,52,0.0,0
GCA_000977355.3_Sc_YJM1381_v1_genomic.xml,1090,4105,0.0,51,0.0,0
GCA_000977385.2_Sc_YJM1383_v1_genomic.xml,1093,4112,0.0,43,0.0,0
GCA_000977415.2_Sc_YJM1385_v1_genomic.xml,1093,4106,0.0,34,0.0,0
GCA_000977445.2_Sc_YJM1386_v1_genomic.xml,1090,4104,0.0,30,0.0,0
GCA_000977475.3_Sc_YJM1387_v1_genomic.xml,1091,4110,0.0,49,0.0,0
GCA_000977505.2_Sc_YJM1388_v1_genomic.xml,1089,4104,0.0,29,0.0,0
GCA_000977535.2_Sc_YJM1389_v1_genomic.xml,1087,4104,0.0,34,0.0,0
GCA_000977565.2_Sc_YJM1399_v1_genomic.xml,1093,4105,0.0,70,0.0,0
GCA_000977595.2_Sc_YJM1400_v1_genomic.xml,1094,4108,0.0,46,0.0,0
GCA_000977625.2_Sc_YJM1401_v1_genomic.xml,1092,4107,0.0,48,0.0,0
GCA_000977655.2_Sc_YJM1402_v1_genomic.xml,1091,4108,0.0,30,0.0,0
GCA_000977685.2_Sc_YJM1415_v1_genomic.xml,1092,4111,0.0,37,0.0,0
GCA_000977715.4_Sc_YJM1417_v1_genomic.xml,1091,4108,0.0,116,0.0,0
GCA_000977745.2_Sc_YJM1418_v1_genomic.xml,1093,4109,0.0,35,0.0,0
GCA_000977775.3_Sc_YJM1419_v1_genomic.xml,1093,4107,0.0,30,0.0,0
GCA_000977805.2_Sc_YJM1433_v1_genomic.xml,1089,4105,0.0,28,0.0,0
GCA_000977835.2_Sc_YJM1434_v1_genomic.xml,1092,4105,0.0,31,0.0,0
GCA_000977865.2_Sc_YJM1439_v1_genomic.xml,1090,4103,0.0,30,0.0,0
GCA_000977895.2_Sc_YJM1443_v1_genomic.xml,1079,4089,0.0,36,0.0,0
GCA_000977925.2_Sc_YJM1444_v1_genomic.xml,1083,4110,0.0,33,0.0,0
GCA_000977955.2_Sc_YJM1447_v1_genomic.xml,1090,4106,0.0,31,0.0,0
GCA_000977985.2_Sc_YJM1450_v1_genomic.xml,1081,4076,0.0,36,0.0,0
GCA_000978015.2_Sc_YJM1460_v1_genomic.xml,1082,4089,0.0,21,0.0,0
GCA_000978045.2_Sc_YJM1463_v1_genomic.xml,1092,4110,0.0,31,0.0,0
GCA_000978075.3_Sc_YJM1477_v1_genomic.xml,1089,4102,0.0,30,0.0,0
GCA_000978105.2_Sc_YJM1478_v1_genomic.xml,1094,4109,0.0,34,0.0,0
GCA_000978135.2_Sc_YJM1479_v1_genomic.xml,1094,4108,0.0,39,0.0,0
GCA_000978165.2_Sc_YJM1526_v1_genomic.xml,1093,4111,0.0,31,0.0,0
GCA_000978195.2_Sc_YJM1527_v1_genomic.xml,1092,4107,0.0,30,0.0,0
GCA_000978225.2_Sc_YJM1549_v1_genomic.xml,1090,4107,0.0,64,0.0,0
GCA_000978255.2_Sc_YJM1573_v1_genomic.xml,1090,4104,0.0,43,0.0,0
GCA_000978285.2_Sc_YJM1574_v1_genomic.xml,1080,4093,0.0,22,0.0,0
GCA_000978315.2_Sc_YJM1592_v1_genomic.xml,1085,4102,0.0,32,0.0,0
GCA_001006245.1_ScSp60_v1_genomic.xml,1085,4100,0.0,40,0.0,0
GCA_001029075.1_ASM102907v1_genomic.xml,1083,4102,0.0,55,0.0,0
GCA_001051215.1_ASM105121v1_genomic.xml,1091,4106,0.0,30,0.0,0
GCA_001078085.1_ASM107808v1_genomic.xml,1081,4104,0.0,36,0.0,0
GCA_001282415.1_Y-12632v1_genomic.xml,1075,4097,0.0,41,0.0,0
GCA_001578265.1_S.cerevisiae-74-D694-2.0_genomic.xml,1070,4084,0.0,22,0.0,0
GCA_001592655.1_ASM159265v1_genomic.xml,1087,4103,0.0,32,0.0,0
GCA_001634645.1_GLBRCY22-3_genomic.xml,1096,4120,0.0,39,0.0,0
GCA_001669875.1_ASM166987v1_genomic.xml,1087,4099,0.0,31,0.0,0
GCA_001669905.1_ASM166990v1_genomic.xml,1086,4098,0.0,21,0.0,0
GCA_001669935.1_ASM166993v1_genomic.xml,1084,4096,0.0,28,0.0,0
GCA_001669965.1_ASM166996v1_genomic.xml,1086,4098,0.0,21,0.0,0
GCA_001669995.1_ASM166999v1_genomic.xml,1085,4099,0.0,34,0.0,0
GCA_001670025.1_ASM167002v1_genomic.xml,1087,4099,0.0,34,0.0,0
GCA_001670055.1_ASM167005v1_genomic.xml,1085,4096,0.0,58,0.0,0
GCA_001670085.1_ASM167008v1_genomic.xml,1083,4079,0.0,32,0.0,0
GCA_001670115.1_ASM167011v1_genomic.xml,1087,4101,0.0,34,0.0,0
GCA_001670145.1_ASM167014v1_genomic.xml,1086,4097,0.0,21,0.0,0
GCA_001670175.1_ASM167017v1_genomic.xml,1084,4095,0.0,95,0.0,0
GCA_001670205.1_ASM167020v1_genomic.xml,1086,4099,0.0,34,0.0,0
GCA_001670235.1_ASM167023v1_genomic.xml,1087,4097,0.0,21,0.0,0
GCA_001670265.1_ASM167026v1_genomic.xml,1086,4097,0.0,19,0.0,0
GCA_001670295.1_ASM167029v1_genomic.xml,1085,4098,0.0,24,0.0,0
GCA_001670325.1_ASM167032v1_genomic.xml,1088,4099,0.0,22,0.0,0
GCA_001670355.1_ASM167035v1_genomic.xml,1086,4098,0.0,24,0.0,0
GCA_001670385.1_ASM167038v1_genomic.xml,1086,4097,0.0,21,0.0,0
GCA_001670415.1_ASM167041v1_genomic.xml,1085,4096,0.0,32,0.0,0
GCA_001670845.1_ASM167084v1_genomic.xml,1088,4100,0.0,19,0.0,0
GCA_001670935.1_ASM167093v1_genomic.xml,1086,4097,0.0,21,0.0,0
GCA_001670965.1_ASM167096v1_genomic.xml,1087,4099,0.0,32,0.0,0
GCA_001670995.1_ASM167099v1_genomic.xml,1086,4100,0.0,61,0.0,0
GCA_001671025.1_ASM167102v1_genomic.xml,1085,4097,0.0,21,0.0,0
GCA_001671055.1_ASM167105v1_genomic.xml,1085,4096,0.0,28,0.0,0
GCA_001671085.1_ASM167108v1_genomic.xml,1085,4096,0.0,28,0.0,0
GCA_001671115.1_ASM167111v1_genomic.xml,1087,4102,0.0,47,0.0,0
GCA_001671165.1_ASM167116v1_genomic.xml,1086,4099,0.0,34,0.0,0
GCA_001671195.1_ASM167119v1_genomic.xml,1085,4097,0.0,34,0.0,0
GCA_001671225.1_ASM167122v1_genomic.xml,1084,4094,0.0,19,0.0,0
GCA_001671255.1_ASM167125v1_genomic.xml,1085,4095,0.0,29,0.0,0
GCA_001671285.1_ASM167128v1_genomic.xml,1087,4099,0.0,31,0.0,0
GCA_001671315.1_ASM167131v1_genomic.xml,1083,4094,0.0,76,0.0,0
GCA_001671345.1_ASM167134v1_genomic.xml,1086,4098,0.0,21,0.0,0
GCA_001671375.1_ASM167137v1_genomic.xml,1085,4097,0.0,21,0.0,0
GCA_001671405.1_ASM167140v1_genomic.xml,1083,4075,0.0,77,0.0,0
GCA_001671435.1_ASM167143v1_genomic.xml,1086,4097,0.0,53,0.0,0
GCA_001671565.1_ASM167156v1_genomic.xml,1083,4092,0.0,31,0.0,0
GCA_001671595.1_ASM167159v1_genomic.xml,1085,4096,0.0,28,0.0,0
GCA_001671625.1_ASM167162v1_genomic.xml,1088,4103,0.0,33,0.0,0
GCA_001671655.1_ASM167165v1_genomic.xml,1087,4099,0.0,31,0.0,0
GCA_001671685.1_ASM167168v1_genomic.xml,1086,4099,0.0,34,0.0,0
GCA_001671715.1_ASM167171v1_genomic.xml,1084,4095,0.0,62,0.0,0
GCA_001671745.1_ASM167174v1_genomic.xml,1085,4098,0.0,21,0.0,0
GCA_001671775.1_ASM167177v1_genomic.xml,1083,4094,0.0,19,0.0,0
GCA_001671805.1_ASM167180v1_genomic.xml,1086,4081,0.0,52,0.0,0
GCA_001671835.1_ASM167183v1_genomic.xml,1087,4101,0.0,31,0.0,0
GCA_001671865.1_ASM167186v1_genomic.xml,1085,4096,0.0,47,0.0,0
GCA_001671895.1_ASM167189v1_genomic.xml,1085,4097,0.0,34,0.0,0
GCA_001671925.1_ASM167192v1_genomic.xml,1086,4098,0.0,21,0.0,0
GCA_001671955.1_ASM167195v1_genomic.xml,1087,4101,0.0,33,0.0,0
GCA_001671985.1_ASM167198v1_genomic.xml,1086,4097,0.0,21,0.0,0
GCA_001735825.1_ASM173582v1_genomic.xml,1084,4103,0.0,33,0.0,0
GCA_001737145.2_ASM173714v2_genomic.xml,1092,4109,0.0,31,0.0,0
GCA_001737155.1_ASM173715v1_genomic.xml,1083,4098,0.0,33,0.0,0
GCA_001737165.1_ASM173716v1_genomic.xml,1092,4116,0.0,54,0.0,0
GCA_001737175.1_ASM173717v1_genomic.xml,1086,4104,0.0,49,0.0,0
GCA_001737265.1_ASM173726v1_genomic.xml,1092,4111,0.0,54,0.0,0
GCA_001737275.1_ASM173727v1_genomic.xml,1092,4109,0.0,41,0.0,0
GCA_001737285.1_ASM173728v1_genomic.xml,1088,4110,0.0,92,0.0,0
GCA_001737295.2_ASM173729v2_genomic.xml,1089,4104,0.0,45,0.0,0
GCA_001737385.2_ASM173738v2_genomic.xml,1093,4110,0.0,44,0.0,0
GCA_001737395.2_ASM173739v2_genomic.xml,1093,4106,0.0,31,0.0,0
GCA_001737415.2_ASM173741v2_genomic.xml,1090,4107,0.0,44,0.0,0
GCA_001737445.2_ASM173744v2_genomic.xml,1087,4104,0.0,42,0.0,0
GCA_001737505.2_ASM173750v2_genomic.xml,1092,4112,0.0,30,0.0,0
GCA_001737515.2_ASM173751v2_genomic.xml,1078,4094,0.0,50,0.0,0
GCA_001737535.2_ASM173753v2_genomic.xml,1093,4108,0.0,48,0.0,0
GCA_001737545.2_ASM173754v2_genomic.xml,1091,4108,0.0,114,0.0,0
GCA_001737625.2_ASM173762v2_genomic.xml,1093,4112,0.0,30,0.0,0
GCA_001737635.2_ASM173763v2_genomic.xml,1089,4107,0.0,22,0.0,0
GCA_001737645.2_ASM173764v2_genomic.xml,1089,4109,0.0,32,0.0,0
GCA_001737655.2_ASM173765v2_genomic.xml,1093,4105,0.0,34,0.0,0
GCA_001737745.2_ASM173774v2_genomic.xml,1093,4110,0.0,44,0.0,0
GCA_001737755.2_ASM173775v2_genomic.xml,1093,4109,0.0,47,0.0,0
GCA_001737765.2_ASM173776v2_genomic.xml,1090,4105,0.0,51,0.0,0
GCA_001737785.2_ASM173778v2_genomic.xml,1092,4109,0.0,35,0.0,0
GCA_001737865.2_ASM173786v2_genomic.xml,1093,4112,0.0,30,0.0,0
GCA_001737875.1_ASM173787v1_genomic.xml,1092,4106,0.0,31,0.0,0
GCA_001737885.1_ASM173788v1_genomic.xml,1090,4111,0.0,32,0.0,0
GCA_001737895.1_ASM173789v1_genomic.xml,1084,4109,0.0,31,0.0,0
GCA_001737985.1_ASM173798v1_genomic.xml,1086,4109,0.0,48,0.0,0
GCA_001737995.1_ASM173799v1_genomic.xml,1085,4101,0.0,43,0.0,0
GCA_001738005.1_ASM173800v1_genomic.xml,1083,4104,0.0,30,0.0,0
GCA_001738015.1_ASM173801v1_genomic.xml,1086,4105,0.0,38,0.0,0
GCA_001738105.1_ASM173810v1_genomic.xml,1090,4105,0.0,30,0.0,0
GCA_001738115.1_ASM173811v1_genomic.xml,1087,4104,0.0,83,0.0,0
GCA_001738125.1_ASM173812v1_genomic.xml,1093,4112,0.0,30,0.0,0
GCA_001738135.2_ASM173813v2_genomic.xml,1085,4103,0.0,29,0.0,0
GCA_001738225.1_ASM173822v1_genomic.xml,1086,4101,0.0,30,0.0,0
GCA_001738235.1_ASM173823v1_genomic.xml,1086,4100,0.0,19,0.0,0
GCA_001738255.1_ASM173825v1_genomic.xml,1089,4103,0.0,42,0.0,0
GCA_001738265.1_ASM173826v1_genomic.xml,1087,4101,0.0,30,0.0,0
GCA_001738345.1_ASM173834v1_genomic.xml,1085,4101,0.0,30,0.0,0
GCA_001738355.1_ASM173835v1_genomic.xml,1096,4112,0.0,36,0.0,0
GCA_001738375.1_ASM173837v1_genomic.xml,1086,4099,0.0,19,0.0,0
GCA_001738395.1_ASM173839v1_genomic.xml,1092,4106,0.0,34,0.0,0
GCA_001738465.1_ASM173846v1_genomic.xml,1088,4099,0.0,32,0.0,0
GCA_001738485.1_ASM173848v1_genomic.xml,1088,4111,0.0,34,0.0,0
GCA_001738495.1_ASM173849v1_genomic.xml,1083,4102,0.0,21,0.0,0
GCA_001738515.1_ASM173851v1_genomic.xml,1087,4107,0.0,30,0.0,0
GCA_001738585.1_ASM173858v1_genomic.xml,1087,4107,0.0,23,0.0,0
GCA_001738595.1_ASM173859v1_genomic.xml,1091,4099,0.0,22,0.0,0
GCA_001738605.1_ASM173860v1_genomic.xml,1092,4116,0.0,33,0.0,0
GCA_001738615.1_ASM173861v1_genomic.xml,1092,4120,0.0,32,0.0,0
GCA_001738705.1_ASM173870v1_genomic.xml,1091,4112,0.0,38,0.0,0
GCA_001738715.1_ASM173871v1_genomic.xml,1092,4116,0.0,33,0.0,0
GCA_001738725.1_ASM173872v1_genomic.xml,1077,4092,0.0,35,0.0,0
GCA_001738755.1_ASM173875v1_genomic.xml,1081,4096,0.0,44,0.0,0
GCA_001738825.1_ASM173882v1_genomic.xml,1079,4098,0.0,33,0.0,0
GCA_001738835.1_ASM173883v1_genomic.xml,1078,4101,0.0,45,0.0,0
GCA_001738845.1_ASM173884v1_genomic.xml,1077,4093,0.0,32,0.0,0
GCA_001738855.1_ASM173885v1_genomic.xml,1092,4102,0.0,31,0.0,0
GCA_001738945.1_ASM173894v1_genomic.xml,1091,4098,0.0,44,0.0,0
GCA_001738955.1_ASM173895v1_genomic.xml,1092,4100,0.0,34,0.0,0
GCA_001738965.1_ASM173896v1_genomic.xml,1083,4104,0.0,29,0.0,0
GCA_001738985.1_ASM173898v1_genomic.xml,1083,4099,0.0,69,0.0,0
GCA_001739065.1_ASM173906v1_genomic.xml,1096,4113,0.0,20,0.0,0
GCA_001739075.1_ASM173907v1_genomic.xml,1091,4105,0.0,29,0.0,0
GCA_001739095.1_ASM173909v1_genomic.xml,1083,4104,0.0,29,0.0,0
GCA_001739105.1_ASM173910v1_genomic.xml,1080,4099,0.0,46,0.0,0
GCA_001739185.1_ASM173918v1_genomic.xml,1093,4112,0.0,30,0.0,0
GCA_001739215.1_ASM173921v1_genomic.xml,1082,4107,0.0,66,0.0,0
GCA_001739225.1_ASM173922v1_genomic.xml,1092,4106,0.0,31,0.0,0
GCA_001739235.1_ASM173923v1_genomic.xml,1092,4106,0.0,33,0.0,0
GCA_001739305.1_ASM173930v1_genomic.xml,1087,4104,0.0,31,0.0,0
GCA_001739335.1_ASM173933v1_genomic.xml,1089,4104,0.0,42,0.0,0
GCA_001739345.1_ASM173934v1_genomic.xml,1078,4096,0.0,36,0.0,0
GCA_001739355.1_ASM173935v1_genomic.xml,1086,4107,0.0,30,0.0,0
GCA_001739425.1_ASM173942v1_genomic.xml,1092,4115,0.0,91,0.0,0
GCA_001739455.1_ASM173945v1_genomic.xml,1082,4100,0.0,33,0.0,0
GCA_001739475.1_ASM173947v1_genomic.xml,1084,4107,0.0,79,0.0,0
GCA_001739495.1_ASM173949v1_genomic.xml,1086,4109,0.0,38,0.0,0
GCA_001739545.1_ASM173954v1_genomic.xml,1084,4103,0.0,34,0.0,0
GCA_001739575.1_ASM173957v1_genomic.xml,1085,4109,0.0,33,0.0,0
GCA_001739595.1_ASM173959v1_genomic.xml,1081,4098,0.0,36,0.0,0
GCA_001739625.1_ASM173962v1_genomic.xml,1084,4104,0.0,33,0.0,0
GCA_001739665.1_ASM173966v1_genomic.xml,1080,4097,0.0,61,0.0,0
GCA_001739695.1_ASM173969v1_genomic.xml,1078,4097,0.0,35,0.0,0
GCA_001739705.1_ASM173970v1_genomic.xml,1080,4095,0.0,45,0.0,0
GCA_001739735.1_ASM173973v1_genomic.xml,1081,4101,0.0,40,0.0,0
GCA_001739775.1_ASM173977v1_genomic.xml,1078,4095,0.0,57,0.0,0
GCA_001739815.1_ASM173981v1_genomic.xml,1074,4091,0.0,46,0.0,0
GCA_001739825.1_ASM173982v1_genomic.xml,1080,4097,0.0,33,0.0,0
GCA_001739845.1_ASM173984v1_genomic.xml,1077,4093,0.0,61,0.0,0
GCA_001739865.1_ASM173986v1_genomic.xml,1082,4096,0.0,35,0.0,0
GCA_001739935.1_ASM173993v1_genomic.xml,1090,4111,0.0,30,0.0,0
GCA_001739945.1_ASM173994v1_genomic.xml,1090,4106,0.0,59,0.0,0
GCA_001739965.1_ASM173996v1_genomic.xml,1087,4104,0.0,83,0.0,0
GCA_001739995.1_ASM173999v1_genomic.xml,1080,4097,0.0,33,0.0,0
GCA_001740055.1_ASM174005v1_genomic.xml,1091,4104,0.0,32,0.0,0
GCA_001740075.1_ASM174007v1_genomic.xml,1080,4100,0.0,32,0.0,0
GCA_001740095.1_ASM174009v1_genomic.xml,1080,4096,0.0,74,0.0,0
GCA_001740115.1_ASM174011v1_genomic.xml,1083,4104,0.0,37,0.0,0
GCA_001740175.1_ASM174017v1_genomic.xml,1081,4099,0.0,22,0.0,0
GCA_001740185.1_ASM174018v1_genomic.xml,1081,4098,0.0,30,0.0,0
GCA_001740205.1_ASM174020v1_genomic.xml,1081,4097,0.0,38,0.0,0
GCA_001740225.1_ASM174022v1_genomic.xml,1092,4099,0.0,61,0.0,0
GCA_001740295.1_ASM174029v1_genomic.xml,1083,4105,0.0,30,0.0,0
GCA_001740305.1_ASM174030v1_genomic.xml,1078,4098,0.0,20,0.0,0
GCA_001740325.1_ASM174032v1_genomic.xml,1080,4093,0.0,54,0.0,0
GCA_001740345.1_ASM174034v1_genomic.xml,1080,4098,0.0,33,0.0,0
GCA_001740415.1_ASM174041v1_genomic.xml,1080,4096,0.0,36,0.0,0
GCA_001740425.1_ASM174042v1_genomic.xml,1084,4102,0.0,34,0.0,0
GCA_001740445.1_ASM174044v1_genomic.xml,1081,4105,0.0,47,0.0,0
GCA_001740455.1_ASM174045v1_genomic.xml,1076,4094,0.0,63,0.0,0
GCA_001740535.1_ASM174053v1_genomic.xml,1087,4107,0.0,30,0.0,0
GCA_001740545.1_ASM174054v1_genomic.xml,1079,4090,0.0,37,0.0,0
GCA_001740565.1_ASM174056v1_genomic.xml,1083,4101,0.0,39,0.0,0
GCA_001740575.1_ASM174057v1_genomic.xml,1093,4110,0.0,44,0.0,0
GCA_001740655.1_ASM174065v1_genomic.xml,1092,4109,0.0,87,0.0,0
GCA_001740665.1_ASM174066v1_genomic.xml,1087,4107,0.0,73,0.0,0
GCA_001740675.1_ASM174067v1_genomic.xml,1083,4104,0.0,34,0.0,0
GCA_001740705.1_ASM174070v1_genomic.xml,1083,4100,0.0,36,0.0,0
GCA_001740775.1_ASM174077v1_genomic.xml,1082,4104,0.0,55,0.0,0
GCA_001740785.1_ASM174078v1_genomic.xml,1090,4108,0.0,104,0.0,0
GCA_001740795.1_ASM174079v1_genomic.xml,1093,4112,0.0,30,0.0,0
GCA_001740805.1_ASM174080v1_genomic.xml,1089,4106,0.0,50,0.0,0
GCA_001740895.1_ASM174089v1_genomic.xml,1086,4103,0.0,30,0.0,0
GCA_001740905.1_ASM174090v1_genomic.xml,1091,4106,0.0,58,0.0,0
GCA_001740915.1_ASM174091v1_genomic.xml,1088,4104,0.0,32,0.0,0
GCA_001740925.1_ASM174092v1_genomic.xml,1089,4104,0.0,32,0.0,0
GCA_001741015.1_ASM174101v1_genomic.xml,1091,4109,0.0,87,0.0,0
GCA_001741025.1_ASM174102v1_genomic.xml,1084,4104,0.0,32,0.0,0
GCA_001741035.1_ASM174103v1_genomic.xml,1087,4110,0.0,31,0.0,0
GCA_001741045.1_ASM174104v1_genomic.xml,1093,4112,0.0,30,0.0,0
GCA_001741135.1_ASM174113v1_genomic.xml,1088,4112,0.0,34,0.0,0
GCA_001741145.1_ASM174114v1_genomic.xml,1086,4105,0.0,31,0.0,0
GCA_001741165.1_ASM174116v1_genomic.xml,1091,4104,0.0,42,0.0,0
GCA_001741195.1_ASM174119v1_genomic.xml,1091,4104,0.0,35,0.0,0
GCA_001741255.1_ASM174125v1_genomic.xml,1079,4094,0.0,33,0.0,0
GCA_001741285.1_ASM174128v1_genomic.xml,1091,4106,0.0,50,0.0,0
GCA_001741295.1_ASM174129v1_genomic.xml,1085,4105,0.0,22,0.0,0
GCA_001741305.1_ASM174130v1_genomic.xml,1086,4105,0.0,32,0.0,0
GCA_001741375.1_ASM174137v1_genomic.xml,1086,4109,0.0,31,0.0,0
GCA_001741405.1_ASM174140v1_genomic.xml,1090,4106,0.0,58,0.0,0
GCA_001741415.1_ASM174141v1_genomic.xml,1090,4106,0.0,37,0.0,0
GCA_001741425.1_ASM174142v1_genomic.xml,1084,4104,0.0,42,0.0,0
GCA_001741495.1_ASM174149v1_genomic.xml,1094,4111,0.0,114,0.0,0
GCA_001741525.1_ASM174152v1_genomic.xml,1083,4105,0.0,33,0.0,0
GCA_001741535.1_ASM174153v1_genomic.xml,1080,4094,0.0,47,0.0,0
GCA_001741555.1_ASM174155v1_genomic.xml,1084,4102,0.0,34,0.0,0
GCA_001741605.1_ASM174160v1_genomic.xml,1079,4096,0.0,36,0.0,0
GCA_001741685.1_ASM174168v1_genomic.xml,1088,4104,0.0,32,0.0,0
GCA_001741695.1_ASM174169v1_genomic.xml,1085,4103,0.0,31,0.0,0
GCA_001741705.1_ASM174170v1_genomic.xml,1091,4109,0.0,87,0.0,0
GCA_001741725.1_ASM174172v1_genomic.xml,1091,4101,0.0,33,0.0,0
GCA_001741805.1_ASM174180v1_genomic.xml,1081,4098,0.0,35,0.0,0
GCA_001741815.1_ASM174181v1_genomic.xml,1092,4111,0.0,46,0.0,0
GCA_001750485.1_S_cerevisiae_GUJ105_v1_genomic.xml,1086,4118,0.0,32,0.0,0
GCA_001932575.1_CTBEBG1_genomic.xml,1088,4102,0.0,31,0.0,0
GCA_001937245.1_ASM193724v1_genomic.xml,1096,4109,0.0,32,0.0,0
GCA_002163515.1_ASM216351v1_genomic.xml,1094,4108,0.0,22,0.0,0
GCA_002214855.1_ASM221485v1_genomic.xml,1081,4092,0.0,35,0.0,0
GCA_002271945.1_S_cerevisiae_Y12_v1_genomic.xml,1079,4071,0.0,29,0.0,0
GCA_002804325.1_ASM280432v1_genomic.xml,1085,4105,0.0,52,0.0,0
GCA_002807125.1_S_cerevisiae_SPSC01_v1_genomic.xml,1072,4090,0.0,21,0.0,0
GCA_002933895.1_ASM293389v1_genomic.xml,1087,4102,0.0,36,0.0,0
GCA_003020065.1_ASM302006v1_genomic.xml,1088,4096,0.0,38,0.0,0
GCA_003046695.1_ASM304669v1_genomic.xml,1088,4105,0.0,34,0.0,0
GCA_003046715.1_ASM304671v1_genomic.xml,1076,4093,0.0,35,0.0,0
GCA_003046745.1_ASM304674v1_genomic.xml,1083,4103,0.0,34,0.0,0
GCA_003086655.1_ASM308665v1_genomic.xml,1091,4105,0.0,32,0.0,0
GCA_003270095.1_ASM327009v1_genomic.xml,1093,4119,0.0,43,0.0,0
GCA_003270135.1_ASM327013v1_genomic.xml,1088,4106,0.0,20,0.0,0
GCA_003270145.1_ASM327014v1_genomic.xml,1075,4095,0.0,84,0.0,0
GCA_003270175.1_ASM327017v1_genomic.xml,1088,4118,0.0,53,0.0,0
GCA_003270185.1_ASM327018v1_genomic.xml,1088,4108,0.0,66,0.0,0
GCA_003270205.1_ASM327020v1_genomic.xml,1075,4096,0.0,37,0.0,0
GCA_003270245.1_ASM327024v1_genomic.xml,1088,4107,0.0,30,0.0,0
GCA_003270305.1_ASM327030v1_genomic.xml,1091,4121,0.0,30,0.0,0
GCA_003270315.1_ASM327031v1_genomic.xml,1091,4120,0.0,84,0.0,0
GCA_003270325.1_ASM327032v1_genomic.xml,1088,4111,0.0,114,0.0,0
GCA_003270335.1_ASM327033v1_genomic.xml,1083,4105,0.0,32,0.0,0
GCA_003270425.1_ASM327042v1_genomic.xml,1084,4100,0.0,49,0.0,0
GCA_003270435.1_ASM327043v1_genomic.xml,1087,4110,0.0,74,0.0,0
GCA_003270455.1_ASM327045v1_genomic.xml,1088,4106,0.0,43,0.0,0
GCA_003270465.1_ASM327046v1_genomic.xml,1089,4107,0.0,30,0.0,0
GCA_003270535.1_ASM327053v1_genomic.xml,1083,4101,0.0,40,0.0,0
GCA_003270565.1_ASM327056v1_genomic.xml,1091,4122,0.0,30,0.0,0
GCA_003270575.1_ASM327057v1_genomic.xml,1089,4106,0.0,37,0.0,0
GCA_003270595.1_ASM327059v1_genomic.xml,1092,4116,0.0,33,0.0,0
GCA_003270665.1_ASM327066v1_genomic.xml,1089,4116,0.0,55,0.0,0
GCA_003270695.1_ASM327069v1_genomic.xml,1089,4106,0.0,29,0.0,0
GCA_003270705.1_ASM327070v1_genomic.xml,1088,4104,0.0,30,0.0,0
GCA_003270715.1_ASM327071v1_genomic.xml,1084,4102,0.0,35,0.0,0
GCA_003270765.1_ASM327076v1_genomic.xml,1084,4107,0.0,32,0.0,0
GCA_003270815.1_ASM327081v1_genomic.xml,1088,4107,0.0,53,0.0,0
GCA_003270825.1_ASM327082v1_genomic.xml,1088,4113,0.0,49,0.0,0
GCA_003270835.1_ASM327083v1_genomic.xml,1085,4105,0.0,20,0.0,0
GCA_003270855.1_ASM327085v1_genomic.xml,1091,4116,0.0,49,0.0,0
GCA_003270935.1_ASM327093v1_genomic.xml,1089,4110,0.0,31,0.0,0
GCA_003270945.1_ASM327094v1_genomic.xml,1087,4107,0.0,25,0.0,0
GCA_003270955.1_ASM327095v1_genomic.xml,1085,4105,0.0,34,0.0,0
GCA_003270985.1_ASM327098v1_genomic.xml,1089,4103,0.0,22,0.0,0
GCA_003271045.1_ASM327104v1_genomic.xml,1092,4120,0.0,44,0.0,0
GCA_003271085.1_ASM327108v1_genomic.xml,1091,4116,0.0,33,0.0,0
GCA_003271115.1_ASM327111v1_genomic.xml,1091,4116,0.0,33,0.0,0
GCA_003271125.1_ASM327112v1_genomic.xml,1091,4116,0.0,33,0.0,0
GCA_003271135.1_ASM327113v1_genomic.xml,1090,4107,0.0,31,0.0,0
GCA_003271225.1_ASM327122v1_genomic.xml,1093,4112,0.0,58,0.0,0
GCA_003271245.1_ASM327124v1_genomic.xml,1086,4105,0.0,21,0.0,0
GCA_003271255.1_ASM327125v1_genomic.xml,1085,4101,0.0,92,0.0,0
GCA_003271315.1_ASM327131v1_genomic.xml,1085,4100,0.0,29,0.0,0
GCA_003271355.1_ASM327135v1_genomic.xml,1091,4116,0.0,47,0.0,0
GCA_003271365.1_ASM327136v1_genomic.xml,1089,4116,0.0,54,0.0,0
GCA_003271395.1_ASM327139v1_genomic.xml,1089,4117,0.0,46,0.0,0
GCA_003271425.1_ASM327142v1_genomic.xml,1090,4105,0.0,22,0.0,0
GCA_003271475.1_ASM327147v1_genomic.xml,1090,4106,0.0,59,0.0,0
GCA_003271505.1_ASM327150v1_genomic.xml,1084,4032,0.0,36,0.0,0
GCA_003271535.1_ASM327153v1_genomic.xml,1088,4103,0.0,36,0.0,0
GCA_003271545.1_ASM327154v1_genomic.xml,1088,4105,0.0,38,0.0,0
GCA_003271555.1_ASM327155v1_genomic.xml,1087,4106,0.0,79,0.0,0
GCA_003271565.1_ASM327156v1_genomic.xml,1087,4109,0.0,31,0.0,0
GCA_003271645.1_ASM327164v1_genomic.xml,1082,4099,0.0,34,0.0,0
GCA_003271675.1_ASM327167v1_genomic.xml,1081,4099,0.0,34,0.0,0
GCA_003271695.1_ASM327169v1_genomic.xml,1091,4114,0.0,30,0.0,0
GCA_003271705.1_ASM327170v1_genomic.xml,1085,4102,0.0,30,0.0,0
GCA_003271775.1_ASM327177v1_genomic.xml,1091,4118,0.0,53,0.0,0
GCA_003271805.1_ASM327180v1_genomic.xml,1089,4119,0.0,57,0.0,0
GCA_003271815.1_ASM327181v1_genomic.xml,1091,4111,0.0,114,0.0,0
GCA_003271825.1_ASM327182v1_genomic.xml,1079,4100,0.0,28,0.0,0
GCA_003271835.1_ASM327183v1_genomic.xml,1087,4101,0.0,22,0.0,0
GCA_003271925.1_ASM327192v1_genomic.xml,1087,4104,0.0,22,0.0,0
GCA_003271935.1_ASM327193v1_genomic.xml,1084,4104,0.0,22,0.0,0
GCA_003271945.1_ASM327194v1_genomic.xml,1076,4098,0.0,42,0.0,0
GCA_003271955.1_ASM327195v1_genomic.xml,1086,4101,0.0,40,0.0,0
GCA_003272045.1_ASM327204v1_genomic.xml,1085,4104,0.0,33,0.0,0
GCA_003272055.1_ASM327205v1_genomic.xml,1086,4104,0.0,36,0.0,0
GCA_003272065.1_ASM327206v1_genomic.xml,1087,4101,0.0,32,0.0,0
GCA_003272075.1_ASM327207v1_genomic.xml,1085,4103,0.0,20,0.0,0
GCA_003272165.1_ASM327216v1_genomic.xml,1082,4099,0.0,40,0.0,0
GCA_003272175.1_ASM327217v1_genomic.xml,1087,4105,0.0,60,0.0,0
GCA_003272185.1_ASM327218v1_genomic.xml,1088,4105,0.0,36,0.0,0
GCA_003272195.1_ASM327219v1_genomic.xml,1084,4103,0.0,20,0.0,0
GCA_003272285.1_ASM327228v1_genomic.xml,1081,4099,0.0,40,0.0,0
GCA_003272295.1_ASM327229v1_genomic.xml,1082,4103,0.0,20,0.0,0
GCA_003272305.1_ASM327230v1_genomic.xml,1087,4107,0.0,75,0.0,0
GCA_003272315.1_ASM327231v1_genomic.xml,1081,4100,0.0,40,0.0,0
GCA_003272405.1_ASM327240v1_genomic.xml,1082,4100,0.0,40,0.0,0
GCA_003272415.1_ASM327241v1_genomic.xml,1087,4106,0.0,57,0.0,0
GCA_003272425.1_ASM327242v1_genomic.xml,1081,4101,0.0,36,0.0,0
GCA_003272445.1_ASM327244v1_genomic.xml,1084,4103,0.0,20,0.0,0
GCA_003272525.1_ASM327252v1_genomic.xml,1090,4115,0.0,48,0.0,0
GCA_003272535.1_ASM327253v1_genomic.xml,1089,4109,0.0,40,0.0,0
GCA_003272575.1_ASM327257v1_genomic.xml,1080,4101,0.0,28,0.0,0
GCA_003272595.1_ASM327259v1_genomic.xml,1083,4103,0.0,34,0.0,0
GCA_003272625.1_ASM327262v1_genomic.xml,1087,4107,0.0,30,0.0,0
GCA_003272665.1_ASM327266v1_genomic.xml,1088,4109,0.0,49,0.0,0
GCA_003272705.1_ASM327270v1_genomic.xml,1087,4108,0.0,61,0.0,0
GCA_003272715.1_ASM327271v1_genomic.xml,1084,4103,0.0,34,0.0,0
GCA_003272725.1_ASM327272v1_genomic.xml,1082,4101,0.0,32,0.0,0
GCA_003272755.1_ASM327275v1_genomic.xml,1083,4101,0.0,32,0.0,0
GCA_003272815.1_ASM327281v1_genomic.xml,1082,4101,0.0,32,0.0,0
GCA_003272835.1_ASM327283v1_genomic.xml,1087,4105,0.0,20,0.0,0
GCA_003272855.1_ASM327285v1_genomic.xml,1085,4103,0.0,53,0.0,0
GCA_003272905.1_ASM327290v1_genomic.xml,1091,4117,0.0,80,0.0,0
GCA_003272925.1_ASM327292v1_genomic.xml,1089,4117,0.0,43,0.0,0
GCA_003272975.1_ASM327297v1_genomic.xml,1086,4103,0.0,23,0.0,0
GCA_003273025.1_ASM327302v1_genomic.xml,1085,4102,0.0,37,0.0,0
GCA_003273035.1_ASM327303v1_genomic.xml,1088,4102,0.0,34,0.0,0
GCA_003273045.1_ASM327304v1_genomic.xml,1083,4095,0.0,53,0.0,0
GCA_003273075.1_ASM327307v1_genomic.xml,1085,4102,0.0,30,0.0,0
GCA_003273145.1_ASM327314v1_genomic.xml,1088,4113,0.0,57,0.0,0
GCA_003273155.1_ASM327315v1_genomic.xml,1083,4097,0.0,32,0.0,0
GCA_003273165.1_ASM327316v1_genomic.xml,1093,4122,0.0,30,0.0,0
GCA_003273265.1_ASM327326v1_genomic.xml,1091,4116,0.0,33,0.0,0
GCA_003273275.1_ASM327327v1_genomic.xml,1091,4116,0.0,33,0.0,0
GCA_003273285.1_ASM327328v1_genomic.xml,1090,4116,0.0,33,0.0,0
GCA_003273295.1_ASM327329v1_genomic.xml,1091,4116,0.0,33,0.0,0
GCA_003273385.1_ASM327338v1_genomic.xml,1091,4122,0.0,32,0.0,0
GCA_003273395.1_ASM327339v1_genomic.xml,1094,4119,0.0,38,0.0,0
GCA_003273405.1_ASM327340v1_genomic.xml,1091,4118,0.0,53,0.0,0
GCA_003273415.1_ASM327341v1_genomic.xml,1085,4106,0.0,60,0.0,0
GCA_003273495.1_ASM327349v1_genomic.xml,1088,4107,0.0,33,0.0,0
GCA_003273535.1_ASM327353v1_genomic.xml,1087,4106,0.0,20,0.0,0
GCA_003273555.1_ASM327355v1_genomic.xml,1091,4107,0.0,40,0.0,0
GCA_003273575.1_ASM327357v1_genomic.xml,1087,4111,0.0,114,0.0,0
GCA_003273585.1_ASM327358v1_genomic.xml,1083,4099,0.0,35,0.0,0
GCA_003273625.1_ASM327362v1_genomic.xml,1082,4111,0.0,30,0.0,0
GCA_003273685.1_ASM327368v1_genomic.xml,1083,4100,0.0,35,0.0,0
GCA_003273695.1_ASM327369v1_genomic.xml,1087,4108,0.0,37,0.0,0
GCA_003273705.1_ASM327370v1_genomic.xml,1082,4103,0.0,52,0.0,0
GCA_003273725.1_ASM327372v1_genomic.xml,1087,4097,0.0,56,0.0,0
GCA_003273805.1_ASM327380v1_genomic.xml,1086,4104,0.0,35,0.0,0
GCA_003273815.1_ASM327381v1_genomic.xml,1087,4105,0.0,36,0.0,0
GCA_003273825.1_ASM327382v1_genomic.xml,1086,4104,0.0,38,0.0,0
GCA_003273835.1_ASM327383v1_genomic.xml,1081,4099,0.0,40,0.0,0
GCA_003273925.1_ASM327392v1_genomic.xml,1083,4105,0.0,22,0.0,0
GCA_003273935.1_ASM327393v1_genomic.xml,1079,4099,0.0,40,0.0,0
GCA_003273955.1_ASM327395v1_genomic.xml,1086,4107,0.0,32,0.0,0
GCA_003273985.1_ASM327398v1_genomic.xml,1085,4109,0.0,30,0.0,0
GCA_003274025.1_ASM327402v1_genomic.xml,1085,4104,0.0,29,0.0,0
GCA_003274055.1_ASM327405v1_genomic.xml,1084,4105,0.0,57,0.0,0
GCA_003274085.1_ASM327408v1_genomic.xml,1081,4103,0.0,36,0.0,0
GCA_003274095.1_ASM327409v1_genomic.xml,1081,4097,0.0,45,0.0,0
GCA_003274125.1_ASM327412v1_genomic.xml,1089,4115,0.0,46,0.0,0
GCA_003274195.1_ASM327419v1_genomic.xml,1078,4094,0.0,76,0.0,0
GCA_003274205.1_ASM327420v1_genomic.xml,1088,4100,0.0,19,0.0,0
GCA_003274215.1_ASM327421v1_genomic.xml,1086,4115,0.0,46,0.0,0
GCA_003274225.1_ASM327422v1_genomic.xml,1088,4116,0.0,53,0.0,0
GCA_003274315.1_ASM327431v1_genomic.xml,1084,4098,0.0,76,0.0,0
GCA_003274325.1_ASM327432v1_genomic.xml,1083,4097,0.0,36,0.0,0
GCA_003274345.1_ASM327434v1_genomic.xml,1079,4093,0.0,37,0.0,0
GCA_003274365.1_ASM327436v1_genomic.xml,1080,4093,0.0,33,0.0,0
GCA_003274425.1_ASM327442v1_genomic.xml,1079,4104,0.0,40,0.0,0
GCA_003274465.1_ASM327446v1_genomic.xml,1077,4100,0.0,36,0.0,0
GCA_003274475.1_ASM327447v1_genomic.xml,1087,4104,0.0,33,0.0,0
GCA_003274485.1_ASM327448v1_genomic.xml,1090,4109,0.0,33,0.0,0
GCA_003274495.1_ASM327449v1_genomic.xml,1089,4109,0.0,33,0.0,0
GCA_003274585.1_ASM327458v1_genomic.xml,1090,4108,0.0,55,0.0,0
GCA_003274595.1_ASM327459v1_genomic.xml,1090,4106,0.0,30,0.0,0
GCA_003274605.1_ASM327460v1_genomic.xml,1089,4109,0.0,31,0.0,0
GCA_003274615.1_ASM327461v1_genomic.xml,1092,4105,0.0,22,0.0,0
GCA_003274705.1_ASM327470v1_genomic.xml,1079,4087,0.0,40,0.0,0
GCA_003274715.1_ASM327471v1_genomic.xml,1091,4109,0.0,31,0.0,0
GCA_003274725.1_ASM327472v1_genomic.xml,1092,4109,0.0,31,0.0,0
GCA_003274735.1_ASM327473v1_genomic.xml,1090,4109,0.0,31,0.0,0
GCA_003274825.1_ASM327482v1_genomic.xml,1089,4104,0.0,35,0.0,0
GCA_003274845.1_ASM327484v1_genomic.xml,1092,4105,0.0,31,0.0,0
GCA_003274855.1_ASM327485v1_genomic.xml,1093,4110,0.0,31,0.0,39
GCA_003274865.1_ASM327486v1_genomic.xml,1092,4105,0.0,38,0.0,0
GCA_003274905.1_ASM327490v1_genomic.xml,1090,4108,0.0,49,0.0,0
GCA_003274975.1_ASM327497v1_genomic.xml,1087,4105,0.0,34,0.0,0
GCA_003274985.1_ASM327498v1_genomic.xml,1088,4103,0.0,79,0.0,0
GCA_003274995.1_ASM327499v1_genomic.xml,1090,4117,0.0,21,0.0,0
GCA_003275005.1_ASM327500v1_genomic.xml,1091,4109,0.0,35,0.0,0
GCA_003275095.1_ASM327509v1_genomic.xml,1090,4106,0.0,32,0.0,0
GCA_003275105.1_ASM327510v1_genomic.xml,1092,4109,0.0,35,0.0,0
GCA_003275115.1_ASM327511v1_genomic.xml,1093,4110,0.0,31,0.0,39
GCA_003275125.1_ASM327512v1_genomic.xml,1089,4105,0.0,31,0.0,0
GCA_003275215.1_ASM327521v1_genomic.xml,1089,4105,0.0,31,0.0,0
GCA_003275225.1_ASM327522v1_genomic.xml,1092,4109,0.0,35,0.0,0
GCA_003275235.1_ASM327523v1_genomic.xml,1091,4108,0.0,30,0.0,0
GCA_003275245.1_ASM327524v1_genomic.xml,1092,4109,0.0,57,0.0,0
GCA_003275335.1_ASM327533v1_genomic.xml,1091,4104,0.0,22,0.0,0
GCA_003275345.1_ASM327534v1_genomic.xml,1090,4109,0.0,35,0.0,0
GCA_003275365.1_ASM327536v1_genomic.xml,1088,4114,0.0,28,0.0,0
GCA_003275385.1_ASM327538v1_genomic.xml,1093,4118,0.0,42,0.0,0
GCA_003275455.1_ASM327545v1_genomic.xml,1086,4102,0.0,46,0.0,0
GCA_003275465.1_ASM327546v1_genomic.xml,1090,4115,0.0,30,0.0,0
GCA_003275475.1_ASM327547v1_genomic.xml,1092,4121,0.0,45,0.0,0
GCA_003275505.1_ASM327550v1_genomic.xml,1093,4120,0.0,36,0.0,0
GCA_003275575.1_ASM327557v1_genomic.xml,1090,4116,0.0,33,0.0,0
GCA_003275585.1_ASM327558v1_genomic.xml,1093,4118,0.0,42,0.0,0
GCA_003275605.1_ASM327560v1_genomic.xml,1093,4118,0.0,42,0.0,0
GCA_003275615.1_ASM327561v1_genomic.xml,1090,4113,0.0,47,0.0,0
GCA_003275685.1_ASM327568v1_genomic.xml,1092,4117,0.0,39,0.0,0
GCA_003275715.1_ASM327571v1_genomic.xml,1093,4109,0.0,49,0.0,0
GCA_003275745.1_ASM327574v1_genomic.xml,1083,4109,0.0,41,0.0,0
GCA_003275755.1_ASM327575v1_genomic.xml,1088,4113,0.0,45,0.0,0
GCA_003275785.1_ASM327578v1_genomic.xml,1090,4112,0.0,80,0.0,0
GCA_003275825.1_ASM327582v1_genomic.xml,1090,4118,0.0,67,0.0,0
GCA_003275835.1_ASM327583v1_genomic.xml,1092,4109,0.0,45,0.0,0
GCA_003275875.1_ASM327587v1_genomic.xml,1089,4116,0.0,53,0.0,0
GCA_003275885.1_ASM327588v1_genomic.xml,1093,4120,0.0,30,0.0,0
GCA_003275955.1_ASM327595v1_genomic.xml,1092,4117,0.0,38,0.0,0
GCA_003275965.1_ASM327596v1_genomic.xml,1092,4116,0.0,53,0.0,0
GCA_003276005.1_ASM327600v1_genomic.xml,1089,4108,0.0,35,0.0,0
GCA_003276015.1_ASM327601v1_genomic.xml,1091,4109,0.0,31,0.0,0
GCA_003276075.1_ASM327607v1_genomic.xml,1091,4109,0.0,35,0.0,0
GCA_003276085.1_ASM327608v1_genomic.xml,1088,4100,0.0,34,0.0,0
GCA_003276135.1_ASM327613v1_genomic.xml,1077,4092,0.0,38,0.0,0
GCA_003276145.1_ASM327614v1_genomic.xml,1077,4087,0.0,59,0.0,0
GCA_003276185.1_ASM327618v1_genomic.xml,1072,4082,0.0,30,0.0,0
GCA_003276205.1_ASM327620v1_genomic.xml,1091,4106,0.0,30,0.0,0
GCA_003276235.1_ASM327623v1_genomic.xml,1085,4102,0.0,39,0.0,0
GCA_003276245.1_ASM327624v1_genomic.xml,1094,4112,0.0,32,0.0,0
GCA_003276295.1_ASM327629v1_genomic.xml,1087,4108,0.0,27,0.0,0
GCA_003276325.1_ASM327632v1_genomic.xml,1089,4110,0.0,72,0.0,0
GCA_003276365.1_ASM327636v1_genomic.xml,1091,4108,0.0,44,0.0,0
GCA_003276375.1_ASM327637v1_genomic.xml,1094,4109,0.0,75,0.0,0
GCA_003276395.1_ASM327639v1_genomic.xml,1092,4113,0.0,32,0.0,0
GCA_003276405.1_ASM327640v1_genomic.xml,1091,4109,0.0,53,0.0,0
GCA_003276485.1_ASM327648v1_genomic.xml,1090,4103,0.0,79,0.0,0
GCA_003276495.1_ASM327649v1_genomic.xml,1092,4109,0.0,35,0.0,0
GCA_003276505.1_ASM327650v1_genomic.xml,1091,4105,0.0,63,0.0,0
GCA_003276515.1_ASM327651v1_genomic.xml,1089,4114,0.0,28,0.0,0
GCA_003276605.1_ASM327660v1_genomic.xml,1090,4115,0.0,45,0.0,0
GCA_003276615.1_ASM327661v1_genomic.xml,1090,4116,0.0,32,0.0,0
GCA_003276625.1_ASM327662v1_genomic.xml,1092,4116,0.0,53,0.0,0
GCA_003276635.1_ASM327663v1_genomic.xml,1091,4103,0.0,20,0.0,0
GCA_003276725.1_ASM327672v1_genomic.xml,1091,4104,0.0,53,0.0,0
GCA_003276735.1_ASM327673v1_genomic.xml,1090,4105,0.0,31,0.0,0
GCA_003276745.1_ASM327674v1_genomic.xml,1087,4104,0.0,22,0.0,0
GCA_003276755.1_ASM327675v1_genomic.xml,1089,4105,0.0,31,0.0,0
GCA_003276845.1_ASM327684v1_genomic.xml,1090,4109,0.0,31,0.0,0
GCA_003276855.1_ASM327685v1_genomic.xml,1091,4109,0.0,35,0.0,0
GCA_003276865.1_ASM327686v1_genomic.xml,1090,4108,0.0,49,0.0,0
GCA_003276875.1_ASM327687v1_genomic.xml,1090,4105,0.0,31,0.0,0
GCA_003276965.1_ASM327696v1_genomic.xml,1090,4108,0.0,59,0.0,0
GCA_003276975.1_ASM327697v1_genomic.xml,1091,4105,0.0,31,0.0,0
GCA_003276985.1_ASM327698v1_genomic.xml,1088,4105,0.0,61,0.0,0
GCA_003276995.1_ASM327699v1_genomic.xml,1092,4106,0.0,47,0.0,0
GCA_003277085.1_ASM327708v1_genomic.xml,1090,4106,0.0,47,0.0,0
GCA_003277095.1_ASM327709v1_genomic.xml,1091,4109,0.0,36,0.0,0
GCA_003277105.1_ASM327710v1_genomic.xml,1089,4103,0.0,36,0.0,0
GCA_003277115.1_ASM327711v1_genomic.xml,1091,4104,0.0,46,0.0,0
GCA_003277205.1_ASM327720v1_genomic.xml,1092,4105,0.0,31,0.0,0
GCA_003277235.1_ASM327723v1_genomic.xml,1090,4105,0.0,31,0.0,0
GCA_003277245.1_ASM327724v1_genomic.xml,1091,4105,0.0,31,0.0,0
GCA_003277255.1_ASM327725v1_genomic.xml,1093,4109,0.0,59,0.0,0
GCA_003277295.1_ASM327729v1_genomic.xml,1093,4109,0.0,52,0.0,0
GCA_003277355.1_ASM327735v1_genomic.xml,1092,4105,0.0,31,0.0,0
GCA_003277365.1_ASM327736v1_genomic.xml,1090,4108,0.0,35,0.0,0
GCA_003277375.1_ASM327737v1_genomic.xml,1091,4105,0.0,31,0.0,0
GCA_003277385.1_ASM327738v1_genomic.xml,1090,4105,0.0,31,0.0,0
GCA_003277475.1_ASM327747v1_genomic.xml,1089,4103,0.0,39,0.0,0
GCA_003277485.1_ASM327748v1_genomic.xml,1089,4103,0.0,39,0.0,0
GCA_003277495.1_ASM327749v1_genomic.xml,1090,4106,0.0,37,0.0,0
GCA_003277505.1_ASM327750v1_genomic.xml,1090,4107,0.0,59,0.0,0
GCA_003277595.1_ASM327759v1_genomic.xml,1088,4094,0.0,20,0.0,0
GCA_003277615.1_ASM327761v1_genomic.xml,1089,4106,0.0,42,0.0,0
GCA_003277635.1_ASM327763v1_genomic.xml,1091,4112,0.0,44,0.0,0
GCA_003277645.1_ASM327764v1_genomic.xml,1090,4105,0.0,40,0.0,0
GCA_003277715.1_ASM327771v1_genomic.xml,1091,4105,0.0,29,0.0,0
GCA_003277725.1_ASM327772v1_genomic.xml,1091,4106,0.0,47,0.0,0
GCA_003277735.1_ASM327773v1_genomic.xml,1091,4108,0.0,31,0.0,0
GCA_003277755.1_ASM327775v1_genomic.xml,1092,4105,0.0,31,0.0,0
GCA_003277815.1_ASM327781v1_genomic.xml,1090,4103,0.0,39,0.0,0
GCA_003277865.1_ASM327786v1_genomic.xml,1090,4103,0.0,39,0.0,0
GCA_003277875.1_ASM327787v1_genomic.xml,1086,4101,0.0,23,0.0,0
GCA_003326515.1_ASM332651v1_genomic.xml,1084,4116,0.0,33,0.0,0
GCA_003326525.1_ASM332652v1_genomic.xml,1087,4104,0.0,20,0.0,0
GCA_003326555.1_ASM332655v1_genomic.xml,1087,4102,0.0,21,0.0,0
GCA_003326565.1_ASM332656v1_genomic.xml,1058,4071,0.0,32,0.0,0
GCA_017864775.1_ASM1786477v1_genomic.xml,1087,4106,0.0,37,0.0,0
GCA_017864785.1_ASM1786478v1_genomic.xml,1087,4106,0.0,37,0.0,0
GCA_017864795.1_ASM1786479v1_genomic.xml,1086,4102,0.0,53,0.0,0
GCA_017864805.1_ASM1786480v1_genomic.xml,1089,4115,0.0,45,0.0,0
GCA_017864825.1_ASM1786482v1_genomic.xml,1087,4106,0.0,37,0.0,0
GCA_017864915.1_ASM1786491v1_genomic.xml,1090,4116,0.0,33,0.0,0
GCA_017864925.1_ASM1786492v1_genomic.xml,1086,4100,0.0,82,0.0,0
GCA_017864945.1_ASM1786494v1_genomic.xml,1088,4103,0.0,78,0.0,0
GCA_017864975.1_ASM1786497v1_genomic.xml,1089,4115,0.0,45,0.0,0
GCA_017865125.1_ASM1786512v1_genomic.xml,1085,4110,0.0,33,0.0,0
GCA_017865225.1_ASM1786522v1_genomic.xml,1089,4115,0.0,45,0.0,0
GCA_017865245.1_ASM1786524v1_genomic.xml,1083,4100,0.0,115,0.0,0
GCA_017865275.1_ASM1786527v1_genomic.xml,1087,4116,0.0,55,0.0,0
GCA_017865285.1_ASM1786528v1_genomic.xml,1079,4095,0.0,33,0.0,0
GCA_017865375.1_ASM1786537v1_genomic.xml,1087,4112,0.0,53,0.0,0
GCA_017865415.1_ASM1786541v1_genomic.xml,1080,4102,0.0,40,0.0,0
GCA_017865475.1_ASM1786547v1_genomic.xml,1080,4090,0.0,40,0.0,0
GCA_017865645.1_ASM1786564v1_genomic.xml,1083,4103,0.0,34,0.0,0
GCA_017865655.1_ASM1786565v1_genomic.xml,1080,4104,0.0,62,0.0,0
GCA_017865695.1_ASM1786569v1_genomic.xml,1087,4116,0.0,55,0.0,0
GCA_017865715.1_ASM1786571v1_genomic.xml,1088,4106,0.0,20,0.0,0
GCA_017865745.1_ASM1786574v1_genomic.xml,1082,4101,0.0,40,0.0,0
GCA_017865875.1_ASM1786587v1_genomic.xml,1089,4115,0.0,45,0.0,0
GCA_017865995.1_ASM1786599v1_genomic.xml,1089,4115,0.0,45,0.0,0
GCA_017866045.1_ASM1786604v1_genomic.xml,1080,4099,0.0,32,0.0,0
GCA_017866055.1_ASM1786605v1_genomic.xml,1088,4116,0.0,55,0.0,0
GCA_017866065.1_ASM1786606v1_genomic.xml,1081,4099,0.0,32,0.0,0
GCA_017866075.1_ASM1786607v1_genomic.xml,1080,4099,0.0,32,0.0,0
GCA_017866085.1_ASM1786608v1_genomic.xml,1085,4106,0.0,59,0.0,0
GCA_017866135.1_ASM1786613v1_genomic.xml,1083,4105,0.0,72,0.0,0
GCA_017866155.1_ASM1786615v1_genomic.xml,1087,4107,0.0,53,0.0,0
GCA_017866175.1_ASM1786617v1_genomic.xml,1084,4101,0.0,28,0.0,0
GCA_017866185.1_ASM1786618v1_genomic.xml,1084,4106,0.0,20,0.0,0
GCA_017866255.1_ASM1786625v1_genomic.xml,1089,4115,0.0,45,0.0,0
GCA_017866275.1_ASM1786627v1_genomic.xml,1086,4107,0.0,28,0.0,0
GCA_017866305.1_ASM1786630v1_genomic.xml,1087,4107,0.0,28,0.0,0
GCA_017866315.1_ASM1786631v1_genomic.xml,1089,4115,0.0,45,0.0,0
GCA_017866385.1_ASM1786638v1_genomic.xml,1081,4100,0.0,32,0.0,0
GCA_017866405.1_ASM1786640v1_genomic.xml,1091,4118,0.0,46,0.0,0
GCA_017866455.1_ASM1786645v1_genomic.xml,1087,4114,0.0,34,0.0,0
GCA_017866465.1_ASM1786646v1_genomic.xml,1089,4115,0.0,45,0.0,0
GCA_017866475.1_ASM1786647v1_genomic.xml,1089,4115,0.0,45,0.0,0
GCA_017866485.1_ASM1786648v1_genomic.xml,1084,4110,0.0,63,0.0,0
GCA_017866495.1_ASM1786649v1_genomic.xml,1081,4112,0.0,32,0.0,0
GCA_017866565.1_ASM1786656v1_genomic.xml,1077,4094,0.0,32,0.0,0
GCA_017866575.1_ASM1786657v1_genomic.xml,1082,4096,0.0,29,0.0,0
GCA_017866745.1_ASM1786674v1_genomic.xml,1087,4107,0.0,53,0.0,0
GCA_017866755.1_ASM1786675v1_genomic.xml,1085,4107,0.0,28,0.0,0
GCA_017866845.1_ASM1786684v1_genomic.xml,1089,4108,0.0,66,0.0,0
GCA_017866945.1_ASM1786694v1_genomic.xml,1082,4102,0.0,30,0.0,0
GCA_017866955.1_ASM1786695v1_genomic.xml,1086,4109,0.0,39,0.0,0
GCA_017866995.1_ASM1786699v1_genomic.xml,1089,4115,0.0,45,0.0,0
GCA_017867005.1_ASM1786700v1_genomic.xml,1083,4100,0.0,29,0.0,0
GCA_017867015.1_ASM1786701v1_genomic.xml,1087,4104,0.0,34,0.0,0
GCA_017867205.1_ASM1786720v1_genomic.xml,1082,4100,0.0,43,0.0,0
GCA_017867255.1_ASM1786725v1_genomic.xml,1086,4114,0.0,31,0.0,0
GCA_017867285.1_ASM1786728v1_genomic.xml,1085,4117,0.0,46,0.0,0
GCA_017867295.1_ASM1786729v1_genomic.xml,1087,4105,0.0,22,0.0,0
GCA_017867305.1_ASM1786730v1_genomic.xml,1085,4116,0.0,33,0.0,0
GCA_017867515.1_ASM1786751v1_genomic.xml,1089,4115,0.0,45,0.0,0
GCA_017867525.1_ASM1786752v1_genomic.xml,1087,4114,0.0,31,0.0,0
GCA_017867555.1_ASM1786755v1_genomic.xml,1080,4090,0.0,53,0.0,0
GCA_017867585.1_ASM1786758v1_genomic.xml,1083,4099,0.0,22,0.0,0
GCA_017867595.1_ASM1786759v1_genomic.xml,1079,4096,0.0,45,0.0,0
GCA_017867735.1_ASM1786773v1_genomic.xml,1086,4102,0.0,46,0.0,0
GCA_017867755.1_ASM1786775v1_genomic.xml,1084,4116,0.0,36,0.0,0
GCA_017867835.1_ASM1786783v1_genomic.xml,1088,4116,0.0,55,0.0,0
GCA_017867885.1_ASM1786788v1_genomic.xml,1083,4116,0.0,36,0.0,0
GCA_017867915.1_ASM1786791v1_genomic.xml,1087,4116,0.0,55,0.0,0
GCA_017867955.1_ASM1786795v1_genomic.xml,1084,4103,0.0,21,0.0,0
GCA_017867995.1_ASM1786799v1_genomic.xml,1088,4104,0.0,30,0.0,0
GCA_017868025.1_ASM1786802v1_genomic.xml,1068,4085,0.0,53,0.0,0
GCA_017868065.1_ASM1786806v1_genomic.xml,1077,4091,0.0,48,0.0,0
GCA_017868075.1_ASM1786807v1_genomic.xml,1069,4085,0.0,53,0.0,0
GCA_017868145.1_ASM1786814v1_genomic.xml,1065,4091,0.0,21,0.0,0
GCA_017868155.1_ASM1786815v1_genomic.xml,1069,4085,0.0,53,0.0,0
GCA_017868165.1_ASM1786816v1_genomic.xml,1068,4085,0.0,53,0.0,0
GCA_017868175.1_ASM1786817v1_genomic.xml,1064,4087,0.0,57,0.0,0
GCA_017868185.1_ASM1786818v1_genomic.xml,1068,4085,0.0,53,0.0,0
GCA_017868345.1_ASM1786834v1_genomic.xml,1068,4085,0.0,53,0.0,0
GCA_017868355.1_ASM1786835v1_genomic.xml,1070,4088,0.0,33,0.0,0
GCA_017868485.1_ASM1786848v1_genomic.xml,1082,4094,0.0,61,0.0,0
GCA_017868655.1_ASM1786865v1_genomic.xml,1078,4091,0.0,47,0.0,0
GCA_017868835.1_ASM1786883v1_genomic.xml,1068,4086,0.0,49,0.0,0
GCA_017868915.1_ASM1786891v1_genomic.xml,1073,4088,0.0,52,0.0,0
GCA_017868925.1_ASM1786892v1_genomic.xml,1078,4096,0.0,45,0.0,0
GCA_017868975.1_ASM1786897v1_genomic.xml,1076,4096,0.0,32,0.0,0
GCA_017869095.1_ASM1786909v1_genomic.xml,1086,4106,0.0,37,0.0,0
GCA_017869105.1_ASM1786910v1_genomic.xml,1075,4095,0.0,34,0.0,0
GCA_017869165.1_ASM1786916v1_genomic.xml,1086,4106,0.0,37,0.0,0
GCA_017869305.1_ASM1786930v1_genomic.xml,1075,4094,0.0,34,0.0,0
GCA_017869315.1_ASM1786931v1_genomic.xml,1067,4083,0.0,73,0.0,0
GCA_017869325.1_ASM1786932v1_genomic.xml,1086,4106,0.0,37,0.0,0
GCA_017869335.1_ASM1786933v1_genomic.xml,1081,4099,0.0,21,0.0,0
GCA_017869405.1_ASM1786940v1_genomic.xml,1078,4090,0.0,58,0.0,0
GCA_017869445.1_ASM1786944v1_genomic.xml,1082,4097,0.0,30,0.0,0
GCA_017869495.1_ASM1786949v1_genomic.xml,1080,4093,0.0,59,0.0,0
GCA_017869545.1_ASM1786954v1_genomic.xml,1079,4094,0.0,66,0.0,0
GCA_017869555.1_ASM1786955v1_genomic.xml,1078,4093,0.0,58,0.0,0
GCA_017869615.1_ASM1786961v1_genomic.xml,1085,4098,0.0,34,0.0,0
GCA_017869625.1_ASM1786962v1_genomic.xml,1069,4091,0.0,49,0.0,0
GCA_017869635.1_ASM1786963v1_genomic.xml,1083,4094,0.0,59,0.0,0
GCA_017869715.1_ASM1786971v1_genomic.xml,1075,4090,0.0,35,0.0,0
GCA_017869735.1_ASM1786973v1_genomic.xml,1083,4096,0.0,87,0.0,0
GCA_017869745.1_ASM1786974v1_genomic.xml,1069,4077,0.0,32,0.0,0
GCA_017869765.1_ASM1786976v1_genomic.xml,1082,4096,0.0,30,0.0,0
GCA_017869795.1_ASM1786979v1_genomic.xml,1084,4103,0.0,51,0.0,0
GCA_017869965.1_ASM1786996v1_genomic.xml,1076,4093,0.0,30,0.0,0
GCA_017869985.1_ASM1786998v1_genomic.xml,1080,4096,0.0,49,0.0,0
GCA_017870085.1_ASM1787008v1_genomic.xml,1080,4094,0.0,32,0.0,0
GCA_017870115.1_ASM1787011v1_genomic.xml,1082,4104,0.0,23,0.0,0
GCA_017870125.1_ASM1787012v1_genomic.xml,1077,4091,0.0,74,0.0,0
GCA_017870425.1_ASM1787042v1_genomic.xml,1082,4102,0.0,40,0.0,0
GCA_017870435.1_ASM1787043v1_genomic.xml,1081,4098,0.0,29,0.0,0
GCA_017870445.1_ASM1787044v1_genomic.xml,1072,4090,0.0,19,0.0,0
GCA_017870455.1_ASM1787045v1_genomic.xml,1072,4094,0.0,58,0.0,0
GCA_017870595.1_ASM1787059v1_genomic.xml,1076,4094,0.0,51,0.0,0
GCA_017870715.1_ASM1787071v1_genomic.xml,1085,4102,0.0,34,0.0,0
GCA_017870815.1_ASM1787081v1_genomic.xml,1074,4096,0.0,21,0.0,0
GCA_017870925.1_ASM1787092v1_genomic.xml,1087,4103,0.0,44,0.0,0
GCA_017870945.1_ASM1787094v1_genomic.xml,1085,4105,0.0,22,0.0,0
GCA_017870955.1_ASM1787095v1_genomic.xml,1076,4091,0.0,62,0.0,0
GCA_017871015.1_ASM1787101v1_genomic.xml,1086,4116,0.0,51,0.0,0
GCA_017871025.1_ASM1787102v1_genomic.xml,1078,4095,0.0,33,0.0,0
GCA_017871065.1_ASM1787106v1_genomic.xml,1078,4108,0.0,40,0.0,0
GCA_017871085.1_ASM1787108v1_genomic.xml,1082,4099,0.0,33,0.0,0
GCA_019393555.1_ASM1939355v1_genomic.xml,1080,4101,0.0,41,0.0,0
GCA_019393615.1_ASM1939361v1_genomic.xml,1083,4096,0.0,32,0.0,0
GCA_019393625.1_ASM1939362v1_genomic.xml,1078,4094,0.0,38,0.0,0
GCA_019393785.1_ASM1939378v1_genomic.xml,1074,4090,0.0,58,0.0,0
GCA_019393865.1_ASM1939386v1_genomic.xml,1073,4085,0.0,40,0.0,0
GCA_019393935.1_ASM1939393v1_genomic.xml,1077,4086,0.0,32,0.0,0
GCA_019393945.1_ASM1939394v1_genomic.xml,1076,4103,0.0,61,0.0,0
GCA_019393955.1_ASM1939395v1_genomic.xml,1071,4093,0.0,54,0.0,0
GCA_019393975.1_ASM1939397v1_genomic.xml,1075,4095,0.0,19,0.0,0
GCA_019394065.1_ASM1939406v1_genomic.xml,1056,4036,0.0,22,0.0,0
GCA_019394075.1_ASM1939407v1_genomic.xml,1076,4096,0.0,50,0.0,0
GCA_019394085.1_ASM1939408v1_genomic.xml,1080,4101,0.0,90,0.0,0
GCA_019394095.1_ASM1939409v1_genomic.xml,1080,4102,0.0,61,0.0,0
GCA_019394105.1_ASM1939410v1_genomic.xml,1084,4098,0.0,28,0.0,0
GCA_019394265.1_ASM1939426v1_genomic.xml,1071,4090,0.0,21,0.0,0
GCA_019394275.1_ASM1939427v1_genomic.xml,1085,4105,0.0,31,0.0,0
GCA_019394305.1_ASM1939430v1_genomic.xml,1075,4089,0.0,38,0.0,0
GCA_019394315.1_ASM1939431v1_genomic.xml,1079,4100,0.0,40,0.0,0
GCA_019394325.1_ASM1939432v1_genomic.xml,1085,4105,0.0,30,0.0,0
GCA_019394485.1_ASM1939448v1_genomic.xml,1065,4084,0.0,21,0.0,0
GCA_019394495.1_ASM1939449v1_genomic.xml,1064,4084,0.0,40,0.0,0
GCA_019394525.1_ASM1939452v1_genomic.xml,1083,4111,0.0,95,0.0,0
GCA_019394585.1_ASM1939458v1_genomic.xml,1086,4105,0.0,32,0.0,0
GCA_019394645.1_ASM1939464v1_genomic.xml,1070,4089,0.0,72,0.0,0
GCA_019394655.1_ASM1939465v1_genomic.xml,1085,4101,0.0,21,0.0,0
GCA_019394665.1_ASM1939466v1_genomic.xml,1068,4087,0.0,36,0.0,0
GCA_019394675.1_ASM1939467v1_genomic.xml,1079,4103,0.0,34,0.0,0
GCA_019394725.1_ASM1939472v1_genomic.xml,1053,4061,0.0,37,0.0,0
GCA_019394775.1_ASM1939477v1_genomic.xml,1082,4096,0.0,21,0.0,0
GCA_019394785.1_ASM1939478v1_genomic.xml,1075,4097,0.0,21,0.0,0
GCA_019394805.1_ASM1939480v1_genomic.xml,1083,4106,0.0,30,0.0,0
GCA_019394815.1_ASM1939481v1_genomic.xml,1081,4101,0.0,32,0.0,0
GCA_019394885.1_ASM1939488v1_genomic.xml,1080,4099,0.0,21,0.0,0
GCA_019394895.1_ASM1939489v1_genomic.xml,1062,4083,0.0,56,0.0,0
GCA_900099165.1_FS2D_genomic.xml,1069,4094,0.0,71,0.0,0
GCA_900099195.1_20B2_genomic.xml,1078,4105,0.0,50,0.0,0
GCA_900099255.1_TS12-A7_genomic.xml,1072,4093,0.0,61,0.0,0
GCA_900099265.1_F25_genomic.xml,1071,4096,0.0,40,0.0,0
GCA_900099275.1_22A4_genomic.xml,1077,4095,0.0,37,0.0,0
GCA_900099285.1_K1-280-2B_genomic.xml,1074,4094,0.0,69,0.0,0
GCA_900099305.1_P3-D5_genomic.xml,1078,4098,0.0,53,0.0,0
GCA_900099345.1_D47-60-3B_genomic.xml,1076,4093,0.0,53,0.0,0
GCA_900099355.1_1014-F5_genomic.xml,1079,4101,0.0,75,0.0,0
GCA_900099375.1_GE7-4A_genomic.xml,1074,4099,0.0,40,0.0,0
GCA_900099395.1_F12-3B_genomic.xml,1074,4082,0.0,41,0.0,0
GCA_900099425.1_GUF54-A1_genomic.xml,1080,4101,0.0,66,0.0,0
GCA_900099445.1_6320-A7_genomic.xml,1079,4100,0.0,35,0.0,0
GCA_900177845.1_L175_genomic.xml,1074,4096,0.0,77,0.0,0
GCA_900177915.1_L461_genomic.xml,1079,4097,0.0,101,0.0,0
GCA_900177935.1_L710_genomic.xml,1074,4085,0.0,34,0.0,0
GCA_900177975.1_L292_genomic.xml,1076,4099,0.0,50,0.0,0
GCA_900177985.1_L712_genomic.xml,1081,4103,0.0,60,0.0,0
GCA_900177995.1_L723_genomic.xml,1077,4096,0.0,73,0.0,0
GCA_900178015.1_L725_genomic.xml,1075,4096,0.0,40,0.0,0
GCA_900178035.1_L528_genomic.xml,1086,4101,0.0,21,0.0,0
GCA_900178045.1_SD085_genomic.xml,1078,4104,0.0,74,0.0,0
GCA_900178065.1_L711_genomic.xml,1081,4095,0.0,75,0.0,0
GCA_900178075.1_L181_genomic.xml,1078,4096,0.0,73,0.0,0
GCA_900178105.1_BA_Souche789_V1_genomic.xml,1083,4099,0.0,31,0.0,0
GCA_900178125.1_BH_Souche796_V1_genomic.xml,1084,4113,0.0,35,0.0,0
GCA_900178135.1_CD_SoucheMTF2377_V1_genomic.xml,1062,4088,0.0,32,0.0,0
GCA_900178145.1_CA_SoucheMTF2344_V1_genomic.xml,1064,4093,0.0,35,0.0,0
GCA_900178155.1_BD_Souche2333_V1_genomic.xml,1084,4096,0.0,43,0.0,0
GCA_900178165.1_EH_SoucheMTF2432_V1_genomic.xml,1079,4081,0.0,48,0.0,0
GCA_900178175.1_CC_SoucheMTF2359_V1_genomic.xml,1075,4107,0.0,35,0.0,0
GCA_900178195.1_EF_SoucheMTF2416_V1_genomic.xml,1078,4102,0.0,19,0.0,0
GCA_900178205.1_BF_Souche2251_V1_genomic.xml,1078,4094,0.0,32,0.0,0
GCA_900178215.1_FA_SoucheMTF2421_V1_genomic.xml,1085,4104,0.0,29,0.0,0
GCA_900178225.1_BG_Souche2331_V1_genomic.xml,1085,4103,0.0,22,0.0,0
GCA_900178235.1_CE_SoucheMTF2380_V1_genomic.xml,1067,4087,0.0,56,0.0,0
GCA_900178245.1_DD_SoucheMTF2388_V1_genomic.xml,1079,4091,0.0,21,0.0,0
GCA_900178255.1_EB_SoucheMTF2370_V1_genomic.xml,1071,4093,0.0,32,0.0,0
GCA_900178265.1_ED_SoucheMTF2387_V1_genomic.xml,1078,4079,0.0,44,0.0,0
GCA_900178275.1_BE_Souche2334_V1_genomic.xml,1085,4100,0.0,31,0.0,0
GCA_900178285.1_DG_SoucheMTF889_V1_genomic.xml,1077,4096,0.0,58,0.0,0
GCA_900178295.1_EG_SoucheMTF1798_V1_genomic.xml,1071,4072,0.0,29,0.0,0
GCA_900178305.1_DE_SoucheMTF2350_V1_genomic.xml,1074,4091,0.0,36,0.0,0
GCA_900178315.1_DB_SoucheMTF2249_V1_genomic.xml,1071,4092,0.0,35,0.0,0
GCA_900178325.1_FF_SoucheMTF2404_V1_genomic.xml,1082,4098,0.0,82,0.0,0
GCA_900178335.1_FD_SoucheMTF2419_V1_genomic.xml,1081,4098,0.0,53,0.0,0
GCA_900178345.1_FE_SoucheMTF2414_V1_genomic.xml,1087,4103,0.0,22,0.0,0
GCA_900178355.1_DF_SoucheMTF2351_V1_genomic.xml,1076,4096,0.0,36,0.0,0
GCA_900178375.1_FC_SoucheMTF2418_V1_genomic.xml,1086,4101,0.0,21,0.0,0
GCA_900178385.1_FG_SoucheMTF2376_V1_genomic.xml,1085,4102,0.0,37,0.0,0
GCA_900178395.1_CB_SoucheMTF2357_V1_genomic.xml,1067,4073,0.0,36,0.0,0
GCA_900178405.1_FH_SoucheMTF2453_V1_genomic.xml,1076,4109,0.0,56,0.0,0
GCA_900178415.1_FI_SoucheMTF2264_V1_genomic.xml,1073,4089,0.0,27,0.0,0
GCA_900178425.1_EC_SoucheMTF2383_V1_genomic.xml,1071,4095,0.0,60,0.0,0
GCA_900178435.1_CG_SoucheMTF2412_V1_genomic.xml,1066,4086,0.0,61,0.0,0
GCA_900178445.1_EA_SoucheMTF2368_V1_genomic.xml,1083,4111,0.0,53,0.0,0
GCA_900178455.1_DH_SoucheMTF2352_V1_genomic.xml,1068,4089,0.0,33,0.0,0
GCA_900178465.1_CH_SoucheMTF2413_V1_genomic.xml,1068,4089,0.0,90,0.0,0
GCA_900178475.1_FB_SoucheMTF2417_V1_genomic.xml,1085,4099,0.0,48,0.0,0
GCA_900178485.1_CF_SoucheMTF2386_V1_genomic.xml,1071,4091,0.0,70,0.0,0
GCA_900178495.1_DA_SoucheMTF2248_V1_genomic.xml,1076,4094,0.0,19,0.0,0
GCA_900178505.1_BC_Souche1152_V1_genomic.xml,1091,4118,0.0,39,0.0,0
MAA.re.xml,1085,4106,0.0,36,0.0,0
MAB.re.xml,1080,4100,0.0,72,0.0,0
MAL.re.xml,1082,4110,0.0,53,0.0,0
s288c_R64.xml,1095,4109,0.0,53,0.0,0
YAA.re.xml,1095,4113,0.0,52,0.0,0
YAB.re.xml,1086,4107,0.0,36,0.0,0
YAC.re.xml,1087,4097,0.0,57,0.0,0
YAD.re.xml,1094,4109,0.0,50,0.0,0
YAE.re.xml,1089,4117,0.0,41,0.0,0
YAF.re.xml,1092,4112,0.0,37,0.0,0
YAG.re.xml,1089,4112,0.0,31,0.0,0
YAK.re.xml,1088,4103,0.0,19,0.0,0
YAL.re.xml,1087,4101,0.0,35,0.0,0
YAM.re.xml,1084,4102,0.0,21,0.0,0
YAN.re.xml,1089,4103,0.0,30,0.0,0
YAP.re.xml,1090,4106,0.0,30,0.0,0
YAQ.re.xml,1088,4101,0.0,62,0.0,0
YAR.re.xml,1091,4114,0.0,77,0.0,0
YAT.re.xml,1090,4117,0.0,39,0.0,0
YAU.re.xml,1088,4108,0.0,48,0.0,0
YAV.re.xml,1092,4112,0.0,33,0.0,0
YAW.re.xml,1090,4111,0.0,34,0.0,0
YAX.re.xml,1086,4108,0.0,51,0.0,0
YAY.re.xml,1089,4101,0.0,30,0.0,0
YAZ.re.xml,1087,4098,0.0,34,0.0,0
YBA.re.xml,1087,4098,0.0,34,0.0,0
YBB.re.xml,1089,4100,0.0,34,0.0,0
YBE.re.xml,1088,4101,0.0,21,0.0,0
YBF.re.xml,1087,4098,0.0,34,0.0,0
YBG.re.xml,1089,4100,0.0,34,0.0,0
YBH.re.xml,1089,4100,0.0,34,0.0,0
YBJ.re.xml,1087,4103,0.0,50,0.0,0
YBK.re.xml,1089,4109,0.0,29,0.0,0
YBL.re.xml,1094,4114,0.0,91,0.0,0
YBM.re.xml,1088,4106,0.0,22,0.0,0
YBN.re.xml,1087,4099,0.0,49,0.0,0
YBO.re.xml,1093,4110,0.0,57,0.0,0
YBP.re.xml,1087,4098,0.0,35,0.0,0
YBQ.re.xml,1087,4112,0.0,21,0.0,0
YBR.re.xml,1089,4114,0.0,51,0.0,0
YBS.re.xml,1090,4104,0.0,20,0.0,0
YBT.re.xml,1092,4114,0.0,36,0.0,0
YBU.re.xml,1086,4107,0.0,59,0.0,0
YBV.re.xml,1091,4103,0.0,39,0.0,0
YBW.re.xml,1090,4112,0.0,45,0.0,0
YBX.re.xml,1090,4107,0.0,31,0.0,0
YBY.re.xml,1088,4107,0.0,49,0.0,0
YBZ.re.xml,1091,4107,0.0,30,0.0,0
YCA.re.xml,1090,4111,0.0,34,0.0,0
YCB.re.xml,1090,4114,0.0,31,0.0,0
YCC.re.xml,1090,4103,0.0,30,0.0,0
YCD.re.xml,1089,4106,0.0,39,0.0,0
YCE.re.xml,1090,4105,0.0,51,0.0,0
YCF.re.xml,1090,4110,0.0,31,0.0,0
YCG.re.xml,1089,4101,0.0,42,0.0,0
YCH.re.xml,1087,4100,0.0,49,0.0,0
YCI.re.xml,1088,4107,0.0,35,0.0,0
YCJ.re.xml,1086,4100,0.0,45,0.0,0
YCK.re.xml,1084,4101,0.0,65,0.0,0
YCL.re.xml,1092,4105,0.0,70,0.0,0
YCM.re.xml,1091,4101,0.0,28,0.0,0
YCN.re.xml,1091,4106,0.0,55,0.0,0
YCO.re.xml,1090,4109,0.0,50,0.0,0
YCP.re.xml,1090,4108,0.0,44,0.0,0
YCQ.re.xml,1089,4106,0.0,48,0.0,0
YCR.re.xml,1091,4111,0.0,35,0.0,0
YCS.re.xml,1093,4111,0.0,47,0.0,0
YCT.re.xml,1094,4115,0.0,59,0.0,0
YCU.re.xml,1091,4109,0.0,52,0.0,0
YCV.re.xml,1086,4097,0.0,36,0.0,0
YCW.re.xml,1093,4108,0.0,48,0.0,0
YCX.re.xml,1091,4117,0.0,35,0.0,0
YCY.re.xml,1092,4119,0.0,30,0.0,0
YCZ.re.xml,1095,4112,0.0,37,0.0,0
YDA.re.xml,1090,4108,0.0,42,0.0,0
YDB.re.xml,1088,4111,0.0,36,0.0,0
YDC.re.xml,1087,4099,0.0,49,0.0,0
YDD.re.xml,1093,4109,0.0,34,0.0,0
YDE.re.xml,1090,4100,0.0,34,0.0,0
YDF.re.xml,1090,4108,0.0,37,0.0,0
YDG.re.xml,1091,4106,0.0,20,0.0,0
YDH.re.xml,1091,4111,0.0,103,0.0,0
YDI.re.xml,1088,4106,0.0,32,0.0,0
YDJ.re.xml,1085,4100,0.0,35,0.0,0
YDK.re.xml,1085,4102,0.0,57,0.0,0
YDL.re.xml,1090,4107,0.0,43,0.0,0
